,key,input,outcome,y_act,Y_pred
0,KHIYANZJZPOERY-UHFFFAOYSA-N,O=C(Nc1ncc(-c2ccccc2)s1)c1ccc(-c2cccc([N+](=O)[O-])c2)o1,1,1,1
1,GOMHIKKLHZCVNL-UHFFFAOYSA-N,Cc1ccc(S(=O)(=O)Nc2ccccc2C(=O)Nc2ccc(-c3ccccc3)nn2)cc1,0.995,1,1
2,DXCJUNQQRSOMOJ-UHFFFAOYSA-N,Cc1cnc(-c2ccccc2C2COC2)nc1NCC1CCN(c2cccnc2)CC1,0.002,0,0
3,YEVXRWLVKPEMJL-UHFFFAOYSA-N,CN(C)c1ccc(S(=O)(=O)N2CCCCC2)cc1NS(=O)(=O)c1ccc2ccccc2c1,0.996,1,1
4,FPGCWSZCMSCZEJ-UHFFFAOYSA-N,COc1ccc(CN2CCNc3cc(Nc4ccccc4)ncc3C2)cn1,0.001,0,0
5,LTNDTGMLCTUNAS-UHFFFAOYSA-N,CCOc1ccc(CCNC(=O)c2cc3sccc3n2CCN(C)C)cc1OCC,0.012,0,0
6,VDKQVFWCRVGXRS-UHFFFAOYSA-N,Cc1c(C(=O)OCCOc2ccccc2)[nH]c2c1C(=O)CC(c1ccccc1)C2,0.996,1,1
7,KJYQCXRQOTZFLE-UHFFFAOYSA-N,COc1ccccc1-c1[nH]nc2ncc(-c3ccc(C)cc3)nc12,0.998,1,1
8,DXDDWXHNWRDUCF-UHFFFAOYSA-N,CCCN1CNc2c(c(=O)[nH]c(=S)n2CCc2cccc(Cl)c2Cl)C1,0.474,0,0
9,UODHIYDWUXTPFN-UHFFFAOYSA-N,Cc1ccc(S(=O)(=O)Nc2ccccc2C(=O)Nc2nccs2)cc1,0.912,1,1
10,IINUNQPYJGJCJI-UHFFFAOYSA-N,NC(CO)(CO)CCc1ccc(Sc2cccc(OCc3ccccc3)c2)cc1Cl,1,1,1
11,TYMPTSBZTZLCMP-UHFFFAOYSA-N,Oc1ccc(CNc2ccc(F)cc2F)c2cccnc12,0.98,1,1
12,UTTSAVIJOACRKO-UHFFFAOYSA-N,Cc1cc(NC(=O)c2ccc(NC(=O)Cc3ccc(Cl)c(Cl)c3)cc2)no1,0.99,1,1
13,ZDPXTSIEKDPRNT-UHFFFAOYSA-N,CCCCCCOc1ccc(OC(=O)c2ccncc2)cc1,1,1,1
14,HMUUFDCCBCUQAV-UHFFFAOYSA-N,CCOc1ccccc1C(=O)Nc1ccccc1C(=O)Nc1cccc(C(F)(F)F)c1,0.986,1,1
15,ZTGLAXPMCHUQAL-UHFFFAOYSA-N,COc1cccc(O)c1CNc1ccc(S(=O)(=O)Nc2nccs2)cc1,0.853,0,1
16,RVXBQNAIAHECGJ-UHFFFAOYSA-N,COc1ccccc1CNc1ccc(N2CCCCC2)cc1,0.877,0,1
17,DFCSAZLDJTXFFW-UHFFFAOYSA-N,CC(C)CNC(=O)c1cn2cc(-c3ccccc3)sc2n1,0.995,1,1
18,NFCHGHUEZLEGMI-UHFFFAOYSA-N,Cc1cc(-c2nnc3n2CCCCC3)c(C)n1-c1cccc2ccccc12,0.001,0,0
19,BKINEUQZVMMBLY-UHFFFAOYSA-N,COc1ccc(-c2csc(NC(=O)c3ccncc3NS(=O)(=O)c3ccc(C)cc3)n2)cc1,0.916,0,1
20,PDMCFULAKFNLJK-UHFFFAOYSA-N,CC1=C(C(=O)Nc2ccccc2)C(c2ccc[nH]2)n2ncnc2N1,0.934,1,1
21,ARGUMDNARGOSPU-UHFFFAOYSA-N,CCn1cc(C(=O)O)c(=O)c2cnc(N3CCN(C(=S)Nc4ccccc4)CC3)nc21,0.018,0,0
22,ZQYPKLQRARHIRS-UHFFFAOYSA-N,O=C(Nc1nc(-c2ccccc2)cs1)c1ccncc1NS(=O)(=O)c1cccc(Cl)c1,0.793,1,1
23,TUYIJCKCDWAZQQ-UHFFFAOYSA-N,Cc1ccc(S(=O)(=O)Nc2cc(C)ccc2C(=O)Nc2nc(-c3ccccc3)cs2)cc1,0.999,1,1
24,SYOUXPDRIZMGGT-UHFFFAOYSA-N,CC(C)Oc1ccc(-c2ccc(=O)n(CC(=O)NCCc3ccccc3)n2)cc1,0.644,0,1
25,LABMFICRIXXKMN-UHFFFAOYSA-N,NC(=O)C1CCN(c2nc(-c3ccc(Cl)cc3)cs2)CC1,0.931,1,1
26,SIZPCWXMMVUYKU-UHFFFAOYSA-N,Cn1nnnc1Sc1ncnc2sccc12,0.379,0,0
27,SWRQHHJAXCNFGU-UHFFFAOYSA-N,Cc1ccc2[nH]c(-c3ccccc3)cc(=O)c2c1,0.987,1,1
28,NFIXBCVWIPOYCD-UHFFFAOYSA-N,CCN(CC)CCOc1ccc(Cc2ccccc2)cc1,0.003,1,0
29,HTAQOIIMDZRODK-UHFFFAOYSA-N,COc1ccc(C2c3c(ncn(CCN4CCOCC4)c3=N)Oc3ccc4ccccc4c32)cc1OC,0.823,1,1
30,ZPFUYQSUWRREPC-UHFFFAOYSA-N,Cc1ccc(S(=O)(=O)Nc2cc(C(=O)Nc3nc(-c4ccccc4)cs3)ccc2Cl)cc1,0.998,1,1
31,JOOIIHRRTWXENP-ICSRJNTNSA-N,COc1cc2c(cc1OC)C(C[C@H]1CN(S(=O)(=O)c3cccc(C#N)c3)CC[C@H]1CC(=O)O)=NCC2,0.006,0,0
32,VREFGVBLTWBCJP-UHFFFAOYSA-N,Cc1nnc2n1-c1ccc(Cl)cc1C(c1ccccc1)=NC2,0.042,0,0
33,RDXHNMQEIFELHZ-UHFFFAOYSA-N,COc1ccc(S(=O)(=O)Nc2cnccc2C(=O)Nc2nc(-c3ccccc3)cs2)cc1,0.853,0,1
34,ARVFYWDRISZVRN-UHFFFAOYSA-N,CCc1ccccc1C(=O)N1CCc2cc(-c3nc(NC(=O)Cc4ccc5c(c4)OCO5)sc3C)ccc21,0.999,1,1
35,ZQYZYMCKQNRTCW-UHFFFAOYSA-N,Cc1ccc(C(=O)NC2CCN(c3cnn(CC4CC4)c(=O)c3)CC2)cc1C,0.894,1,1
36,RYKWNPMRHZJFMZ-UHFFFAOYSA-N,CC(=O)N1CCC(NC(=O)c2nc(-c3ccccc3)cc3[nH]ccc23)CC1,0.068,0,0
37,MNUNBRNTBHPPCX-UHFFFAOYSA-N,COc1ccccc1NC(=O)C1=C(C)Nc2c(C(=O)Nc3cccc(C)c3)cnn2C1c1ccccc1Cl,0.996,1,1
38,DTTDVOXGZPVSPR-UHFFFAOYSA-N,CSc1nnc2c3ccccc3n(CCc3ccccc3)c2n1,0.999,1,1
39,HFDCWUFBFUUQGY-UHFFFAOYSA-N,COc1cccc(CNc2ccc(C(=O)Nc3nccs3)cc2)c1O,0.977,1,1
40,SVJMLYUFVDMUHP-UHFFFAOYSA-N,COC(=O)C1=C(C)NC(C)=C(C(=O)OCCCN2CCC(c3ccccc3)(c3ccccc3)CC2)C1c1cccc([N+](=O)[O-])c1,0.974,1,1
41,PWEOEXKKLYCRKL-UHFFFAOYSA-N,O=c1n(-c2ccc(Cl)cc2)nc2n1CCN(Cc1ccc(C(F)(F)F)cc1)C2,0.992,1,1
42,VPEVNCVVSWARNR-UHFFFAOYSA-N,O=S(=O)(Nc1nccs1)c1ccc(NCc2ccc(Br)cc2O)cc1,0.96,1,1
43,JYHINQXDURAWQJ-UHFFFAOYSA-N,O=C(Nc1nc(-c2ccccc2)cs1)c1ccncc1NS(=O)(=O)c1ccc(C(F)(F)F)cc1,0.803,1,1
44,YVEQUAAEQTUWDW-UHFFFAOYSA-N,Clc1ccc(C2=Nn3c(nnc3-c3ccncc3)SC2)cc1,1,1,1
45,KYCQZFWUKRRWMS-UHFFFAOYSA-N,CCOc1ccc(CCNC(=O)c2cc3ccccc3n2CCN2CCOCC2)cc1OCC,0.07,0,0
46,FUCWZIFGSAFUAO-UHFFFAOYSA-N,COc1ccc(-n2cnc3cc(C(=O)N4CCCCC4)ccc32)cc1,0.016,0,0
47,UDTWNDBVRLDPNE-UHFFFAOYSA-N,O=C(Nc1nc2ccc(NC(=O)C3C4CC5CC(C4)CC3C5)cc2s1)c1ccccc1,1,1,1
48,XENKUEKKZYIAHP-UHFFFAOYSA-N,Cc1cccc(C)c1Nc1c(-c2cccs2)nc2ncccn12,0.95,1,1
49,VPAYQWRBBOGGPY-UHFFFAOYSA-N,CN1C(=O)CN=C(c2ccccc2Cl)c2cc(Cl)ccc21,0.497,0,0
50,LKBHAGGICJWHQQ-UHFFFAOYSA-N,O=C(NCc1ccc(S(=O)(=O)c2cccc(C(F)(F)F)c2)cc1)c1cnc2[nH]ncc2c1,0.888,1,1
51,QFDQQONBIYBYOA-UHFFFAOYSA-N,COc1cccc(C(=O)Nc2nc(-c3nnn(-c4cccc(Cl)c4C)c3C)ns2)c1,0.997,1,1
52,AGWAEWJPKFNDHK-UHFFFAOYSA-N,Cc1ccnc(NC(=S)N2CCN(c3ccc(C(F)(F)F)cc3[N+](=O)[O-])CC2)c1,0.965,1,1
53,BQNCJGIWXCJMIC-UHFFFAOYSA-N,NC(=O)C1CCN(c2ncc(-c3cccc(N4CCCC4)c3)s2)CC1,0.102,0,0
54,GLBJJMFZWDBELO-UHFFFAOYSA-N,COc1ccc(-c2nc3ccc(C4=NNC(=O)CC4C)cc3[nH]2)cc1,0.916,1,1
55,DFRYLCMWNYBPSU-UHFFFAOYSA-N,CCN1CCC(N(Cc2ccc3c(c2)OCO3)C(=O)Nc2cc(Cl)ccc2C(=O)OC)CC1,0.068,0,0
56,PWEAXFDWYFUWGU-UHFFFAOYSA-N,Cc1ccc(-c2cc(C(=O)Nc3ccc(S(=O)(=O)N(C)Cc4nccs4)cc3)c3ccccc3n2)cc1C,1,1,1
57,FFZVWPDQPLTXDJ-UHFFFAOYSA-N,Nc1c(C(=O)N2CCCCC2)sc(=S)n1-c1ccccc1,0.863,1,1
58,HKZXAIUTSKUSIE-UHFFFAOYSA-N,CC1=C(C(=O)Nc2nnc(-c3ccccc3)s2)C(c2nn(C)cc2Cl)N=C(Nc2nc3ccccc3o2)N1,0.992,1,1
59,SAECCWGUNHTKAI-UHFFFAOYSA-N,CN(C)c1cccc(-c2nnc(N3CCC(C(N)=O)CC3)s2)c1,0.059,0,0
60,BQTPYGFVIPEAIV-UHFFFAOYSA-N,O=C(Nc1nnc(-c2cccs2)o1)c1ccc(Cl)cc1,0.945,1,1
61,IJHGSBPTTMCYAQ-UHFFFAOYSA-N,COc1cc(Cl)c(C)cc1NS(=O)(=O)c1c(C)nc2sccn2c1=O,0.148,1,0
62,GTEOWQGTWKPHSV-UHFFFAOYSA-N,Cc1ccc(S(=O)(=O)Nc2cc(Cl)ccc2C(=O)Nc2nc(-c3ccccc3)cs2)cc1,0.999,1,1
63,ZNENQHZYFKGUMB-UHFFFAOYSA-N,CCOC(=O)c1ccc(-n2cnc3cc(C(=O)N4CCCCC4)ccc32)cc1,0.293,0,0
64,ZIUBPJYPGKKGTR-UHFFFAOYSA-N,O=[N+]([O-])c1ccc(CNc2ccc([S+](=O)([O-])Nc3nccs3)cc2)c(O)c1,0.108,0,0
65,VKYIYKRCKXFNRW-UHFFFAOYSA-N,COc1ccccc1CN1CCNc2cc(Nc3ccccc3)ncc2C1,0.012,0,0
66,FMUBJPCZHLHGTG-UHFFFAOYSA-N,CCOc1ccc(Nc2nc(C)c(NC(=O)c3ccc(C)cc3)c(Nc3ccc(OCC)cc3)n2)cc1,1,1,1
67,ILIGQOSIMGEJNB-UHFFFAOYSA-N,c1ccc2c(NC3CCCCC3)nc(-c3ccncc3)nc2c1,1,1,1
68,VCCAETGONJLPKQ-UHFFFAOYSA-N,COc1cc(-c2nc(Nc3ccc(F)c(F)c3)c3ccccc3n2)ccn1,0.999,1,1
69,OPAHQTWJPPBGRE-UHFFFAOYSA-N,O=C(Nc1nc(-c2ccccc2)cs1)c1ccncc1NS(=O)(=O)c1ccc(-c2ccccc2)cc1,0.992,1,1
70,NSKCDDKIJVEIDK-RBUKOAKNSA-N,Cc1ccc(C(=O)[C@H]2CC[C@@H](C(=O)Nc3ccc(S(=O)(=O)Nc4nccs4)cc3)C2)cc1C,0.993,1,1
71,OGHNVEJMJSYVRP-UHFFFAOYSA-N,COc1ccccc1OCCNCC(O)COc1cccc2[nH]c3ccccc3c12,0.019,0,0
72,BIKCOAYAINIYAN-UHFFFAOYSA-N,COc1ccc(CN(C2CCCCC2C)S(=O)(=O)c2ccc(S(=O)(=O)N(C)C)cc2)cc1OC,0.992,1,1
73,LWYGTJRTASCSFA-UHFFFAOYSA-N,CC1CCN(S(=O)(=O)c2ccc3c(ccc(=O)n3CC(=O)NCc3ccc(Cl)cc3)c2)CC1,0.998,1,1
74,SNFJQENFGBSXKH-UHFFFAOYSA-N,O=C(NC1CC1)c1nc(-c2cccnc2)c2cnccn12,0.016,0,0
75,LYEJMTRCXPORAD-UHFFFAOYSA-N,Cc1ccc(S(=O)(=O)Nc2ccccc2N2CCCCC2)cc1,0.982,1,1
76,XFCLJVABOIYOMF-QPLCGJKRSA-N,CN(C)CCOc1ccc(/C(=C(/CCCl)c2ccccc2)c2ccccc2)cc1,0.533,1,1
77,NWXRRYWXZOVVRL-UHFFFAOYSA-N,N#Cc1cnccc1-c1nc(Nc2ccc(F)c(F)c2)c2ccccc2n1,0.987,1,1
78,ANKIFYBWMDNUFF-UHFFFAOYSA-N,CCc1ccc(NC(=O)c2[nH]c(C)c(C(C)=O)c2C)cc1[S+](=O)([O-])Nc1ccc(C#N)cc1,0.687,1,1
79,FLRPVXLMOJGRDV-UHFFFAOYSA-N,Cc1ccc(NS(=O)(=O)c2ccc3c(c2)NC(=O)CO3)cc1C,0.978,1,1
80,UPHZNHDQUZCWER-UHFFFAOYSA-N,Cc1ccccc1C(=O)N1CCc2cc(-c3nc(NC(=O)Cc4ccccc4)sc3C)ccc21,0.999,1,1
81,PDYICGHBYCZARH-UHFFFAOYSA-N,CCOc1ccc(CCNC(=O)c2ccc3ccccc3n2)cc1OCC,0.754,1,1
82,FQQYLHNLWWDMPC-UHFFFAOYSA-N,COc1ccc(CN2CCc3c(c(=O)n4ncc(C(=O)N5CCN(c6ccccc6OC)CC5)c4n3C)C2)cc1,0.072,0,0
83,XMZWHAOTROOYRQ-UHFFFAOYSA-N,CCOC(=O)c1[nH]c(C)c(CCC(=O)N2CCN(c3cc(Cl)ccc3C)CC2)c1C,0.992,1,1
84,NVTVBVHKAIAJEL-UHFFFAOYSA-N,CCOc1ccc(CN2C(=O)c3ccccc3Sc3ccc(C(=O)NC4CCC(C)CC4)cc32)cc1,0.999,1,1
85,DKNUPRMJNUQNHR-UHFFFAOYSA-N,COc1cc2ncnc(Oc3cccc(NC(=O)Nc4cc(C(C)(C)C(F)(F)F)on4)c3)c2cc1OC,0.993,1,1
86,HGBFXYITAOUWOU-UHFFFAOYSA-N,COC(=O)CNC(=O)c1nc(-c2ccc(Cl)cc2Cl)c2cnccn12,0.645,0,1
87,OHKPOOQMNMTQOB-UHFFFAOYSA-N,CN(C)CCNC(=O)c1nc(-c2ccccc2)cc2[nH]ccc12,0.005,0,0
88,FGDNPQGECCKYLW-UHFFFAOYSA-N,O=C(Nc1ccc(N2CCN(C(=O)c3ccccc3F)CC2)cc1)c1cncc(Br)c1,0.979,1,1
89,HICFFJZGXWEIHN-UHFFFAOYSA-N,CN(C)CCCN1c2ccc(O)cc2Sc2ccc(Cl)cc21,0.144,0,0
90,KPCUVDDRLJHNKP-UHFFFAOYSA-N,Clc1ccc(Nc2nc(-c3ccncc3)nc3ccccc23)cc1Cl,1,1,1
91,XOQUOBZQPFFOSV-UHFFFAOYSA-N,Nc1scc2c(C(=O)O)nn(-c3ccccc3)c(=O)c12,0.01,0,0
92,LMQKYHJHYUACHL-UHFFFAOYSA-N,COc1ccc(-n2nc(C3CCN(C(=O)c4ccccc4)CC3)[nH]c2=O)cc1,0.114,0,0
93,YFTFUJVVMUTTTM-UHFFFAOYSA-N,CC(=O)N1CCc2c(sc3c2c(=O)n(-c2ccccc2)c(=O)n3Cc2cccc(C(F)(F)F)c2)C1,0.913,0,1
94,HAAMSIZPGWYWMM-UHFFFAOYSA-N,Cc1cc(-c2nnc3n2CCCCC3)c(C)n1-c1ccc([N+](=O)[O-])cc1,0.004,0,0
95,RELYTYMFLMSHQI-UHFFFAOYSA-N,COc1ccc(Nc2nc(-c3ccncc3)nc3ccccc23)cc1F,0.999,1,1
96,OPUOEPLVISTJNJ-UHFFFAOYSA-N,CC(=O)Nc1ncc(S(=O)(=O)Nc2cnccc2C(=O)Nc2nc(-c3ccccc3)cs2)s1,0.067,0,0
97,RSHLKSTVFWVGBU-SANMLTNESA-N,COC(=O)[C@H](Cc1ccc(O[S+](=O)([O-])c2cccc3cnccc23)cc1)N[S+](=O)([O-])c1ccc2cnccc2c1,0.986,1,1
98,TVJGXHWAAUWSEW-UHFFFAOYSA-N,Cc1cc(C)nc(NC(=S)N2CCN(c3nccc(C(F)(F)F)n3)CC2)c1,0.919,1,1
99,YFSUZNLARLUKKP-UHFFFAOYSA-N,C=Cc1ccc(Cn2c(C(=O)O)c(CNCc3ccccc3)c3ccc(OC)cc32)cc1,0.491,1,0
100,NETXMUIMUZJUTB-UHFFFAOYSA-N,COc1cc(OC)c2c(=O)[nH]c(-c3cc(C)c(OCCO)c(C)c3)nc2c1,0.722,0,1
101,BJXRJZAZGRGSLG-UHFFFAOYSA-N,COc1ccccc1Nc1ccnc(N2CCN(C(=O)c3ccc(C)cc3)CC2)n1,0.898,1,1
102,UPLAQKIMKDWICQ-UHFFFAOYSA-N,CCC(=O)NC(c1ccco1)c1cc(Cl)c2cccnc2c1O,0.919,1,1
103,BDXVOZXBHGEZSC-UHFFFAOYSA-N,FC(F)(F)c1cccc(N2CCN(C(=S)Nc3ccccn3)CC2)c1,0.82,0,1
104,RJXZKISQBUFFDL-UHFFFAOYSA-N,NC(=O)C1CCN(c2nc(-c3ccccc3)cs2)CC1,0.137,0,0
105,BQINENDEUIXMAZ-XYOKQWHBSA-N,COc1ccc(/C=C2/C(=O)Nc3ccccc32)cc1O,0.972,0,1
106,ZSDADIUEGBFRSE-UHFFFAOYSA-N,COc1ccc(NC(=O)c2c(C)cccc2C)cc1[S+](=O)([O-])N(C)C,0.045,0,0
107,NSJMDDJWOHFIPX-UHFFFAOYSA-N,c1ccc(CNc2cc3c(cn2)CN(Cc2cccnc2)CCN3)cc1,0.003,0,0
108,NDAZATDQFDPQBD-UHFFFAOYSA-N,CCNC(=O)c1noc(-c2cc(C(C)C)c(O)cc2O)c1-c1ccc(CN2CCOCC2)cc1,0.054,0,0
109,HSMKHRRWGWNSGN-UHFFFAOYSA-N,CC(=O)N1CCc2c(sc3c2c(=O)n(-c2ccccc2Cl)c(=O)n3Cc2cccc(C)c2)C1,0.766,1,1
110,URNWMAJJDMHFMY-UHFFFAOYSA-N,CC(=O)c1c(C)[nH]c(C(=O)Nc2cccc([S+](=O)([O-])Nc3cccnc3)c2)c1C,0.01,0,0
111,JLTGWNGXPNHIFU-UHFFFAOYSA-N,O=C(Nc1ccccc1)C1CCN(c2ncc(-c3ccc4c(c3)OCCCO4)s2)CC1,0.993,1,1
112,HMYDBUSJIVTQGO-UHFFFAOYSA-N,Cc1ccc(C(=O)Nc2nc3nc(-c4ccccc4)cc(=O)n3[nH]2)cc1,0.975,1,1
113,MAHHNZSNKYONTR-UHFFFAOYSA-N,COc1cccc(CNc2ccc(S(=O)(=O)Nc3cc(C)on3)cc2)c1O,0.084,0,0
114,ODEBMYHNSVJCHR-UHFFFAOYSA-N,O=C(Nc1cccc(Cc2ccccc2)c1)c1ccc(-c2cccc([N+](=O)[O-])c2)o1,1,1,1
115,GXOSMVDGSFKHTK-UHFFFAOYSA-N,O=C(c1cnn(-c2cccc(F)c2)c1-n1cccc1)N1CCN(c2ccccc2F)CC1,0.89,1,1
116,MINZFYQXLFUKJR-UHFFFAOYSA-N,CNC(=O)c1cccc(-c2cnc(Nc3cccc(C(F)(F)F)c3)c3c2CCO3)c1,0.982,1,1
117,CSKNEEDIYFPRFG-UHFFFAOYSA-N,Cc1ccc(S(=O)(=O)Nc2cnccc2C(=O)Nc2nc(C3CCC3)cs2)cc1,0.294,0,0
118,BIULKRLGGXEEIO-UHFFFAOYSA-N,Fc1ccc(Nc2nc(-c3ccnc4ccccc34)nc3ccccc23)cc1F,0.997,1,1
119,GFTVOPOIDIPADM-UHFFFAOYSA-N,Fc1cc(F)cc(Nc2nc(-c3ccncc3)nc3ccccc23)c1,1,1,1
120,AZXQALFSWSNZLN-UHFFFAOYSA-N,CCOc1ccc(OCC)c(NC(=O)C(NS(=O)(=O)c2ccc(Br)s2)c2ccccc2)c1,0.822,1,1
121,FOZLMGCSCOYQHP-UHFFFAOYSA-N,COc1cc(Nc2nc(-c3ccncc3)nc3ccccc23)ccc1N1CCN(C)CC1,0.199,0,0
122,KTXJOYJUQJHWDU-UHFFFAOYSA-N,Cc1ccc(S(=O)(=O)Nc2ccccc2Nc2nc(-c3ccccc3)cs2)cc1,0.998,1,1
123,ZEPFGXKZWPKGJP-UHFFFAOYSA-N,COc1ccc(-c2cc(-c3cccc(NC(C)=O)c3)cn3cncc23)cn1,0.69,1,1
124,NHZQNJOZKHPRKI-UHFFFAOYSA-N,COc1cc(C(=O)NC2CCCc3c2[nH]c2ccccc32)cc(OC)c1OC,0.961,1,1
125,GZFBOMZAQBAFPC-UHFFFAOYSA-N,COc1cc(CNCCO)cc(Cl)c1OCc1ccc(Cl)cc1Cl,0.651,0,1
126,FBQWJGAANBICJK-UHFFFAOYSA-N,Cc1cc(N2CCN(c3ccccc3)CC2)nc(-n2nc(C)cc2C)n1,0.591,0,1
127,RUKTTYRDMIRNMF-UHFFFAOYSA-N,Cc1ccc2nc(-c3ccccn3)c(Nc3ccccc3C)n2c1,0.761,1,1
128,ZAXKSLQZANTESC-UHFFFAOYSA-N,Cc1[nH]c2ccccc2c1CN1CCN(c2ccccn2)CC1,0.005,0,0
129,AHBIRSCEARQARK-RVDMUPIBSA-N,N#C/C(=C\c1ccc(-c2ccc(C(=O)O)cc2)o1)c1nc2ccccc2[nH]1,0.365,1,0
130,XSTQMHAERXDEHZ-UHFFFAOYSA-N,COc1cc(NS(=O)(=O)c2ccc(C)cc2)cc(C(=O)Nc2nc(-c3ccccc3)cs2)c1,0.999,1,1
131,PPAKBXRFSYOERM-UHFFFAOYSA-N,COc1ccc(-c2ccc3ncc(Nc4ccc(C(N)=O)cc4)n3n2)cc1OC,0.881,0,1
132,SWNHLEMLTLITMQ-UHFFFAOYSA-N,Cc1cc(-c2nnc3n2CCCCC3)c(C)n1-c1ccc(C#N)cc1,0.001,0,0
133,JZCWLJDSIRUGIN-UHFFFAOYSA-N,CNCc1ccc(-c2cc(-c3nc(-c4ccc(S(=O)(=O)C(C)C)cc4)cnc3N)on2)cc1,0.302,0,0
134,BMVCYZASRBQFAY-UHFFFAOYSA-N,COc1ccc(-n2c(C)cc(-c3nnc4n3CCCCC4)c2C)cc1,0,0,0
135,KUKNTWNRWLTOFW-UHFFFAOYSA-N,Cc1cccc(C)c1NC(=O)c1nc(SC(C)C)ncc1Cl,0.908,1,1
136,FGSAIFMDWKPIBH-UHFFFAOYSA-N,CCCn1cnc2cc(NCc3ccc(OC)cc3OC)ccc21,0.008,0,0
137,HGRHXNRVXGLWLA-UHFFFAOYSA-N,CC(=O)Nc1cccc(-c2csc(Nc3cc(C)ccn3)n2)c1,0.987,1,1
138,JYYRTWNCBVRKMN-UHFFFAOYSA-N,C1CCc2nc3c(nc2C1)CCCC3,0,0,0
139,OZIYHSYPRLZCRL-SXLOBPIMSA-N,Cc1nc(-c2ccco2)cc([C@H]2CN3CC[C@H]2C[C@@H]3CNC(=O)NC2CCCCC2)n1,0.001,0,0
140,ACIFSDKVAYNCNV-UHFFFAOYSA-N,COCC(C)NCc1cc2ccc(OC)cc2nc1N1CCN(c2ccc(F)cc2)CC1,0.015,0,0
141,KCBPXRXTIGQYGB-UHFFFAOYSA-N,CCCCOC(=O)c1ccnc2cc(C(OCCN3CCCCC3)c3ccccc3Cl)sc12,0.902,1,1
142,DPRZKNDPFKQQOC-UHFFFAOYSA-N,Cc1cccc(Nc2nc(NCc3ccco3)c3ccccc3n2)c1,0.974,1,1
143,TUEJIDNHDMASIC-UHFFFAOYSA-N,CNC1CCC(N(Cc2ccc(OC)c(-c3ccc(C#N)cc3)c2)C(=O)c2sc3ccccc3c2Cl)CC1,0.177,0,0
144,DWZXUQHXRSARDI-UHFFFAOYSA-N,CCOc1ccc(-c2nc(SCC(=O)Nc3ccc(C)c(C)c3)n3[nH]c(=O)cc3n2)cc1,0.999,1,1
145,DNWDRRNPHSEMMW-UHFFFAOYSA-N,CCCN1CNc2c(c(=O)[nH]c(=S)n2CCc2ccc(OC)c(OC)c2)C1,0.006,0,0
146,ISALGMVRJMVITH-UHFFFAOYSA-N,Cc1cc(C)cc(NS(=O)(=O)c2ccc3[nH]cc(C(=O)NCc4ccco4)c(=O)c3c2)c1,0.638,1,1
147,YRNMYIIVQSCJQD-UHFFFAOYSA-N,COc1cc(NC(=O)c2cc(-c3ccccc3O)no2)cc(OC)c1OC,0.99,1,1
148,GPMINBJFULXBNP-UHFFFAOYSA-N,COc1ccc(C)cc1-n1nnnc1Sc1ncnc2scc(-c3ccc(Br)cc3)c12,0.999,1,1
149,FECFLGLBRXVBBC-UHFFFAOYSA-N,NC1CCN(C(=O)C2CCCN(c3nc(-c4ccccc4)nc4c3CCC4)C2)CC1,0,0,0
150,NMDDJJOEMTXRKJ-UHFFFAOYSA-N,COc1ccc(Cn2c(C(=O)O)c(CNCc3ccco3)c3ccc(C)cc32)cc1,0.267,0,0
151,MESNSNRRDBCLON-UHFFFAOYSA-N,Fc1ccc(Nc2nc(-c3ccncc3F)nc3ccccc23)cc1F,0.994,1,1
152,XUIUXXQVHPEQNM-UHFFFAOYSA-N,Fc1ccccc1CNCc1ccc(-c2ccnc3[nH]ccc23)cc1,0.426,0,0
153,ILTWUUDBGOJLLX-UHFFFAOYSA-N,COc1cc(C(=O)N2CCN(c3cc(Cl)ccc3Cl)CC2)cc(OC)c1OC,0.985,1,1
154,XSAYTXZACWKODG-UHFFFAOYSA-N,O=C1CCCC2=C1C(c1ccccc1Cl)N=C(Nc1nc3ccccc3o1)N2,0.995,1,1
155,WVBBZRKMUCFKOD-UHFFFAOYSA-N,Oc1ccccc1CN1CCNc2cc(Nc3ccccc3)ncc2C1,0.118,0,0
156,CYNGWEJDWSSTDH-UHFFFAOYSA-N,O=c1c2c([nH]c3ccc(Br)cc13)CCCC2,0.964,1,1
157,CFTGHSWLDXQOHS-UHFFFAOYSA-N,Cc1nn2c(c1-c1ccccc1-c1ccccc1)N(Cc1ccc(C(=O)O)s1)CCC2,0.02,0,0
158,XWXGWAFKWKXKQM-UHFFFAOYSA-N,CCOc1ccc(-c2cn3c(n2)sc2cc(C(=O)NCCCN(CC)CC)ccc23)cc1,0.024,0,0
159,LBPYNNJXARHGAG-UHFFFAOYSA-N,Fc1ccc(Nc2nc(-c3ccncc3)nc3ccccc23)cc1F,0.999,1,1
160,NLTGJJYOYOFEBV-UHFFFAOYSA-N,Cc1cc(C)cc(C(=O)Nc2ccc3c(N4CCCC4)ncnc3c2)c1,0.971,1,1
161,UGJVRSZJQAHWPK-UHFFFAOYSA-N,CS(=O)(=O)Nc1cccc(-c2nccc(-n3ccnc3)n2)c1,0.212,0,0
162,FFYKSYPAGAQOFV-UHFFFAOYSA-N,Nc1nc2c(s1)C(c1cccc(F)c1F)CC(=O)N2,0.133,1,0
163,UZXZPENETHYBIN-UHFFFAOYSA-N,CCCOC(=O)c1ccc(Oc2c(-c3ccc(O)cc3O)n[nH]c2C)cc1,0.953,1,1
164,SOCRSDFUFQUFAI-UHFFFAOYSA-N,CCCc1oc2ccc(NS(=O)(=O)c3ccc(OC)cc3)cc2c1C(=O)OCC,0.989,1,1
165,GJYPMTHSXAOZHG-UHFFFAOYSA-N,CN(C)c1cccc(-c2ccnc(N3CCC(C(N)=O)CC3)n2)c1,0.057,0,0
166,QHNHPFMSCVOBHW-UHFFFAOYSA-N,CNC(=O)C1CCN(C(=O)c2ccc(-c3ncc4cnc(-c5ccccc5)cn34)cc2)CC1,0.056,0,0
168,QNMKOBTZYCVTEF-UHFFFAOYSA-N,CCOc1ccc(CCNC(=O)c2cc3sccc3n2Cc2ccc(F)cc2F)cc1OCC,0.982,1,1
169,CXEXTVGTDZRKJS-LLVKDONJSA-N,CC(C)c1cc(C(=O)N2CC[C@@H](NC(=O)C3CC3)C2)n[nH]1,0.009,0,0
170,UHSKFQJFRQCDBE-UHFFFAOYSA-N,CCCN(CCC)CCc1cccc2c1CC(=O)N2,0.003,0,0
171,IVTZRBISUPPGSN-UHFFFAOYSA-N,Cc1ccccc1S(=O)(=O)N1CCCC(CCC(=O)NCCN(C)C2CCCCC2)C1,0.055,0,0
172,LTHOPIBLRVRXLD-UHFFFAOYSA-N,COC(=O)c1ccnc(-c2cc(C(=O)NCCc3ccccc3)ccn2)c1,0.058,1,0
173,IHSZTNPFHUBNGG-UHFFFAOYSA-N,Cc1cccc(-n2cnc3cc(C(=O)N4CCCC(C)C4)ccc32)c1,0.103,0,0
174,MSTHFJSQYSEKCP-UHFFFAOYSA-N,NC(=O)C1CCN(c2nc(-c3cccc(F)c3)cs2)CC1,0.11,0,0
175,ILVXOSZVYKPRKR-UHFFFAOYSA-N,O=C(NC1CC1)c1nc(-c2cccnc2)c2ccccn12,0.127,0,0
176,FHVNWSLMAQQCSI-UHFFFAOYSA-N,CCc1c(C)nc2c(-c3cnn(-c4cc(CO)ccn4)c3)c[nH]n2c1=O,0.402,0,0
177,FDVNUPRWZNGNBO-UHFFFAOYSA-N,Cc1ccc2c(c1)N(S(=O)(=O)c1cc(-c3onc(C)c3C)ccc1C)CCO2,0.993,1,1
178,VWTYTUHDVPGBTA-UHFFFAOYSA-N,CCOc1ccc(NC(=O)CSC2=Nc3ccccc3C3=NC(CC(=O)NCc4cccs4)C(=O)N23)cc1,0.028,0,0
179,XOLXCSSMJAOYOU-UHFFFAOYSA-N,CCCCn1cnc2cc(NC(=O)c3cc(OC)c(OC)c(OC)c3)ccc21,0.495,0,0
180,UHMNNAQYABELEO-UHFFFAOYSA-N,O=C(Nc1cncc(Cc2ccccc2)c1)c1ccc(-c2cccc([N+](=O)[O-])c2)o1,0.999,1,1
181,VGQCKBGAEMXKRE-UHFFFAOYSA-N,Cc1ccc(S(=O)(=O)Nc2ccccc2C(=O)Nc2cccc(-c3ccccc3)c2)cc1,0.999,1,1
182,SVSPDQUBLNMZOS-UHFFFAOYSA-N,NC(=O)C1CCN(c2nc(-c3cccc(Cl)c3)cs2)CC1,0.521,0,1
183,LBIFWJBFUWPZLT-STQMWFEESA-N,NC(=O)NCC(=O)N[C@H]1CC[C@H](Nc2nccc(-c3ccncc3)n2)C1,0.021,0,0
184,AVZCPICCWKMZDT-UHFFFAOYSA-N,O=C(O)CCNc1cc(N2CCc3ccccc3CC2)nc(-c2ccccn2)n1,0.001,0,0
185,JYDMICLEWULGCS-UHFFFAOYSA-N,Cc1ccc(CNc2ccccc2C(=O)Nc2nc(-c3ccccc3)cs2)cc1,1,1,1
186,YQNOQZALLOQMPY-UHFFFAOYSA-N,Cc1cccc(-n2cnc3cc(C(=O)N4CCCCC4)ccc32)c1,0.017,0,0
187,KKXLLYAHASIMSJ-UHFFFAOYSA-N,C#CCNC(=O)c1nc(-c2ccc(Cl)nc2)c2ccccn12,0.894,1,1
188,FEDMRGHSJHSXOK-UHFFFAOYSA-N,O=C(Cc1ccc(Cl)c(Cl)c1)Nc1ccc(S(=O)(=O)Nc2ccccc2)cc1,0.995,1,1
189,OLWRVVHPJFLNPW-UHFFFAOYSA-N,N#Cc1ccc2c(c1)CCN(CCC1CCC(NC(=O)c3ccnc4ccccc34)CC1)C2,0.019,1,0
190,OXGIASHTSLAMHY-UHFFFAOYSA-N,CC(=O)c1c(C)[nH]c(C(=O)Nc2ccc(Cl)cc2)c1C,0.946,1,1
191,ZXWXIZPKHGCBJI-UHFFFAOYSA-N,O=C(c1cnc(N2CCCCC2)c2ccccc12)N1CCN(c2ccccn2)CC1,0.111,0,0
192,JGIYRSSMJIBQIC-UHFFFAOYSA-N,Fc1cc(Nc2nc(-c3ccncc3)nc3ccccc23)ccc1-c1cccc(OC(F)(F)F)c1,1,1,1
193,CJWYVVIUOLZHCU-UHFFFAOYSA-N,Cc1ccc(-c2cc(C(=O)NC3CCCCC3)c3ccccc3n2)cc1,0.997,1,1
194,VTCJZEIDWGDZPP-UHFFFAOYSA-N,NC(=O)C1CCN(c2ncc(-c3ccc4c(c3)OCO4)s2)CC1,0.636,1,1
195,HUWYRKYOJXLBIO-UHFFFAOYSA-N,Cc1cc(C)nc(NC(=S)N2CCN(c3cccc(OC(F)F)c3)CC2)c1,0.879,0,1
196,NOYRBQNNSOQECY-UHFFFAOYSA-N,Cc1noc(C)c1CN1CCNc2cc(Nc3ccccc3)ncc2C1,0.002,0,0
197,AAEXQYYVPPXHGV-UHFFFAOYSA-N,Nc1ccccc1OCCn1c(CCNC(=O)C2CCCCC2)nc2ccccc21,0.099,0,0
198,XNLOWBUSWAIMQM-UHFFFAOYSA-N,COc1ccc(OC)c(Nc2c3c(nc4ccccc24)CCC3)c1,0.1,0,0
199,ZZVXVMRMJNDKKA-UHFFFAOYSA-N,O=C1c2ccccc2C2=Nc3ccccc3SC(c3ccccc3F)C12,0.984,1,1
200,KPRTURMJVWXURQ-UHFFFAOYSA-N,CCOP(=O)(Cc1ccc(C(=O)Nc2ccc(Br)cc2C#N)cc1)OCC,0.331,0,0
201,MLUNGEBDRPMDMW-UHFFFAOYSA-N,COc1ccccc1Nc1ccnc(N2CCN(C(=O)c3ccc(F)cc3)CC2)n1,0.833,0,1
202,BCEDTUZUUXMOKL-UHFFFAOYSA-N,Nc1c(-c2ccccc2)cnc2c(-c3ccccc3)cnn12,0.999,1,1
203,RDUDMQGGHIBWHR-UHFFFAOYSA-N,Cc1ccc(-c2cc(C(=O)Nc3ccc(S(N)(=O)=O)cc3)c3cccc(C)c3n2)cc1C,0.998,1,1
204,VYPHKWIOBDUDQX-UHFFFAOYSA-N,CN(C)c1ccc(-c2csc(N3CCC(C(N)=O)CC3)n2)cc1,0.265,1,0
205,OXCMSADYSGMAJI-UHFFFAOYSA-N,CCOC(=O)N1CCN(Cc2nc3c(c(=O)n(C)c(=O)n3C)n2Cc2ccc(F)cc2)CC1,0.072,0,0
206,JWRLEFGWNKDQRU-UHFFFAOYSA-N,CCN1C(=O)c2ccccc2[S+]([O-])c2ccc(NC(=O)Cc3ccc(F)cc3)cc21,0.86,1,1
207,PLWRPJJSHKYYDJ-UHFFFAOYSA-N,Cc1ccc(S(=O)(=O)Nc2ccccc2C(=O)Nc2nc(-c3ccccc3)c(Br)s2)cc1,0.997,1,1
208,YZAMLKAIZCMMDO-UHFFFAOYSA-N,Cc1ccc(S(=O)(=O)Nc2cccnc2C(=O)Nc2nc(-c3ccccc3)cs2)cc1,0.993,1,1
209,JWQOJVOKBAAAAR-UHFFFAOYSA-N,COc1ccc(-c2cc3nccn3c(Nc3ncccc3C(N)=O)n2)cc1OC,0.215,0,0
210,OBLJLMQWUSSTBN-UHFFFAOYSA-N,O=S(=O)(Nc1ccccc1)c1ccc(NCc2ccc(Br)cc2O)cc1,0.992,1,1
211,NWTCZMBKFFZZFX-UHFFFAOYSA-N,O=C(Nc1ncc(Cc2ccc(C(F)(F)F)cc2)s1)c1cnc(-c2ccccc2)[nH]1,0.997,1,1
212,RRCODNYFSVSVKT-UHFFFAOYSA-N,CCc1ccc(OC(C)C(=O)N2CCC(c3nc4ccccc4o3)CC2)cc1,0.574,0,1
213,ORWATEOISLOZDM-UHFFFAOYSA-N,O=C(c1ccc2ncccc2c1)N1CCc2c(nc3cc[nH]n3c2=O)C1,0.188,0,0
214,LWONZLCXDLRXFE-UHFFFAOYSA-N,Cc1ccc(S(=O)(=O)Nc2cnccc2C(=O)Nc2nc(-c3nc4ccccc4s3)cs2)cc1,0.948,1,1
215,DQKRSQKWOWWRJR-UHFFFAOYSA-N,Cc1ccnc(NC(=S)N2CCN(c3ccc(Cl)cc3Cl)CC2)c1,0.997,1,1
216,ARGWKCNXOVDSJY-UHFFFAOYSA-N,COc1ccccc1C(=O)Nc1ccccc1C(=O)Nc1cccc(C(F)(F)F)c1,0.992,1,1
217,PFAYJJZRASFRBB-UHFFFAOYSA-N,Nc1nc(N)c2cc(Sc3ccc4ccccc4c3)ccc2n1,1,1,1
218,QIKGPUWYEAQZGN-XBXARRHUSA-N,O=C1Nc2cccc(Cl)c2/C1=C\c1cc(Cl)c(O)c(Cl)c1,0.798,1,1
219,AJSKOLZKIUMPPG-YCRREMRBSA-N,NC(=O)C(=O)N/N=C/c1ccc([N+](=O)[O-])o1,0.01,0,0
220,FQLYMLNDOPGYNV-UHFFFAOYSA-N,Cc1cccc(OCC(=O)Nc2ccc3nc(Nc4cccc(Cl)c4)cc(C)c3c2)c1,1,1,1
221,QRLORHYUMDVHRP-UHFFFAOYSA-N,CC(C)(C)C1CCc2nc(NC(=O)c3cccc(Cl)c3)sc2C1,1,1,1
222,BCMNQBIJIUVNIW-UHFFFAOYSA-N,COc1ccccc1-c1nc(NCc2ccc(-c3cccnc3)cc2)c2ccccc2n1,0.946,1,1
223,YIDDLAAKOYYGJG-UHFFFAOYSA-N,Cc1cc(F)c(C(=O)Nc2cccc(-c3nncn3C(C)C)n2)cc1-n1cnc(C2CC2)c1,0.035,0,0
224,LCMQRGYBMPOFKO-UHFFFAOYSA-N,Cc1nc2ccc(Nc3nc(-c4ccncc4)nc4ccccc34)cc2s1,0.999,1,1
225,QXFUIEDAJJGUJX-UHFFFAOYSA-N,Cn1c(=O)c2c(nc(Cl)n2Cc2ccc(Cl)cc2)n(C)c1=O,0.882,1,1
226,DYLUUSLLRIQKOE-UHFFFAOYSA-N,CC(C)(O)CNc1nc(Nc2ccnc(C(F)(F)F)c2)nc(-c2cccc(C(F)(F)F)n2)n1,0.027,0,0
227,TZZISDZOBASIEO-UHFFFAOYSA-N,Cc1ccc(C(N)=O)cc1Nc1nccc(-c2cn(C(C)C)c3cnccc23)n1,0.128,0,0
228,IBWIAHQQJVGIDZ-UHFFFAOYSA-N,Oc1ccc(CNc2ccccc2F)c2cccnc12,0.98,1,1
229,LVZDWONCARRZMK-RUDMXATFSA-N,O=C1Nc2c(Cl)cccc2/C1=C\c1cc(Cl)c(O)c(Cl)c1,0.857,1,1
230,YRQGARKVIQQXCA-UHFFFAOYSA-N,CC(C)(C)c1ccc(C(=O)N2CC(=O)Nc3ccc(F)cc3C2c2ccc(F)cc2)cc1,0.936,1,1
231,IGIPSUCYDDNAQY-JTYJAPAGSA-N,CCN1C(=O)c2ccccc2[S@+]([O-])c2ccc(C(=O)N[C@H](C)c3ccc4ccccc4c3)cc21,0.817,1,1
232,CRUAVEYZWKXYLS-UHFFFAOYSA-N,CNc1nccc(-c2cccc3ccccc23)n1,0.872,1,1
233,XYCGAHJDVGYNKA-UHFFFAOYSA-N,Cn1nnnc1SCCCNCc1cccc(OCc2ccccc2Cl)c1,0.03,0,0
234,JQDFUUOQLZWLDG-UHFFFAOYSA-N,CCN1CCN(c2ncc3c(n2)CCN(Cc2cc(Br)cs2)C3)CC1,0.004,0,0
235,YGBXTZKBVATPOP-UHFFFAOYSA-N,COc1ccc(-c2nc3c(c(SCC(=O)Nc4ccc(C(=O)O)cc4)n2)Cc2ccccc2O3)cc1,0.923,1,1
236,USYHSKFJLSOEQI-UHFFFAOYSA-N,Cn1ccc2c(C(=O)NCc3cccnc3)nc(-c3ccccc3C#N)cc21,0.271,1,0
237,KXNXWINFSDKMHD-UHFFFAOYSA-N,CC(=O)Nc1ccc(S(=O)(=O)Nc2nccs2)cc1,0.046,0,0
238,DEXVFDNMCKSIRH-UHFFFAOYSA-N,O=S(=O)(Nc1nc2n(n1)C(c1ccccc1)C=C(c1ccc(Cl)cc1)N2)c1ccccc1,0.999,1,1
239,OLEQCNOJJJGQKW-UHFFFAOYSA-N,COc1ccc(-n2c(C)c(C(C)=O)c3cc(OC(=O)COc4ccccc4)ccc32)cc1,0.995,1,1
240,QDALJICMDNUDOR-UHFFFAOYSA-N,Cc1cnc(-c2ccccc2C(F)F)nc1NCc1ccc(-c2cccnc2)cc1,0.983,1,1
241,GVGVYDCVFBGALZ-UHFFFAOYSA-N,Cc1ccc2cccc(NC(=O)c3ccc(OC(C)C)cc3)c2n1,0.994,1,1
242,ALPNKCXYUONXDR-UHFFFAOYSA-N,Cc1ccc(-c2cc(C(=O)Nc3ccc(S(=O)(=O)Nc4ccc(C#N)cc4)cc3)c3ccccc3n2)cc1C,0.998,1,1
243,KREXNTZCOVZMKX-UHFFFAOYSA-N,Cc1cnc(-c2ccccc2C(C)C)nc1NCC1CCN(c2cccnc2)CC1,0.307,1,0
244,BBQRBOIMSKMFFO-LTGZKZEYSA-N,O=C(O)c1ccc(N2C(=O)/C(=C/c3ccc(-c4ccc([N+](=O)[O-])cc4)o3)C=C2c2ccccc2)cc1,0.825,0,1
245,YYYDMRRTUGTPQR-UHFFFAOYSA-N,COc1ccc(NC(=O)c2c(C)cccc2C)cc1[S+](=O)([O-])N1CCCCC1,0.346,0,0
246,SYUVCXDGOBEGOL-NTCAYCPXSA-N,CCOc1ccc(/C=C/c2nc3ccccc3n2S(=O)(=O)c2cccc(Cl)c2)cc1,1,1,1
247,VPVBRPZCLWKVIY-UHFFFAOYSA-N,Cc1ccc(C)c(CN2CCC(CNC(=O)Nc3ccc(Br)cc3F)CC2)c1,0.039,0,0
248,IYACHNPMFWEHIE-UHFFFAOYSA-N,Cc1ccc(-c2ccnc(N3CCC(C(N)=O)CC3)n2)cc1,0.684,1,1
249,HLVGVGCIJRBRQW-UHFFFAOYSA-N,CCOC(=O)c1nn(-c2ccccc2)c(=O)c2c(N)scc12,0.824,1,1
250,LCRFPEKZQIVFKI-UHFFFAOYSA-N,COc1cccc(CNc2ccc(S(=O)(=O)Nc3ccc(N4CCNCC4)nc3)cc2)c1O,0.101,0,0
251,URDWWAFYUDJORM-UHFFFAOYSA-N,O=[S+]([O-])(Nc1ccccc1)c1ccc(NCc2cccc(Cl)c2F)cc1,0.979,1,1
252,RWCUTTWPPULUEZ-PMSKXDBLSA-N,CC[C@H]1CN2CCC3CC(OC)C(OC)CC3[C@@H]2C[C@@H]1C[C@H]1NCCC2=C1CC(OC)C(=O)C2,0.008,0,0
253,VIGXACAWTHNBIU-RBBKRZOGSA-N,COCCNC(=O)[C@H]1C[C@H](Oc2ccccc2)CN1Cc1ccc2[nH]ccc2c1,0.045,0,0
254,KDZHMDUGYNDEBQ-UHFFFAOYSA-N,Cc1cc(C)c(CNC(=O)c2nc(-c3cccc(CO)c3)cc3c2ccn3C)c(=O)[nH]1,0.622,0,1
255,FWABSMRBOKADMR-UHFFFAOYSA-N,COc1cccc(OC)c1C(=O)Nc1ccccc1C(=O)Nc1cccc(C(F)(F)F)c1,0.981,1,1
256,YOVNFNXUCOWYSG-UHFFFAOYSA-N,CCn1c(-c2nonc2N)nc2cnc(Oc3cccc(NC(=O)c4ccc(OCCN5CCOCC5)cc4)c3)cc21,0.973,1,1
257,ZNXTXNZLEQPOGS-UHFFFAOYSA-N,CC(=O)N1CCc2c(sc3c2c(=O)n(-c2ccccc2)c(=O)n3CC(=O)c2ccccc2)C1,0.747,1,1
258,GQZPLTPYSQYTFB-UHFFFAOYSA-N,C=CC(=O)N1CCCN(c2cc(NCCC(=O)O)nc(-c3ccccn3)n2)CC1,0,0,0
259,GGNWMCKZFWBJHZ-UHFFFAOYSA-N,CCCc1nnc(NC(=O)c2nc(S(=O)(=O)Cc3ccc(C)cc3)ncc2Cl)s1,0.588,0,1
260,XEOXMNIZDFYNRE-UHFFFAOYSA-N,Cc1ccc(NC(=O)c2cc(S(=O)(=O)NCCC3=CCCCC3)ccc2F)cc1F,0.994,1,1
261,KHFVLMBXEWCALZ-UHFFFAOYSA-N,Cc1noc(C)c1C(=O)N1CCC2(CCCN(C(c3ccccc3)c3ccccc3)C2)CC1,0.88,1,1
262,UEQMGBUOQIMFCR-UHFFFAOYSA-N,CC(=O)Nc1ccc(-c2csc(N3CCC(C(N)=O)CC3)n2)cc1,0.243,0,0
263,RLLOTGNQEUTEMC-UHFFFAOYSA-N,COc1cccc(CNc2ccc(S(=O)(=O)Nc3nccs3)cc2)c1N,0.253,0,0
264,NAEWXXDGBKTIMN-OCBGEMMSSA-N,C=C1[C@@H](C)C2[C@H](Cc3ccccc3)NC(=O)[C@@]23C(/C=C/C[C@H](C)C[C@@](C)(O)/C=C/[C@@H]3OC(C)=O)[C@@H]1O,0.704,1,1
265,RTIXKCRFFJGDFG-UHFFFAOYSA-N,O=c1cc(-c2ccccc2)oc2cc(O)cc(O)c12,0.744,1,1
266,MGHORTOKORHTFC-UHFFFAOYSA-N,Fc1ccccc1-c1nc(NCc2ccc(-c3cccnc3)cc2)c2ccccc2n1,0.986,1,1
267,FMJZREWCZDABCY-UHFFFAOYSA-N,N=c1c2c(n(Cc3ccccc3)c3c1CCC3)CCC2,0,0,0
268,VUHNOGMONGXEGG-UHFFFAOYSA-N,Cc1cc(Br)ccc1NC(=O)C(NS(=O)(=O)c1cccs1)c1ccccc1,0.891,1,1
269,HBWMFGJJCXKJLR-UHFFFAOYSA-N,COc1ccc(-n2nc(C3CCCN(C(=O)Nc4ccccc4)C3)[nH]c2=O)cc1,0.045,0,0
270,OYEREKJYGUHXII-UHFFFAOYSA-N,N#Cc1ccc(NS(=O)(=O)c2ccc(NC(=O)Cc3ccc(F)c(Cl)c3)cc2)cc1,0.934,1,1
271,RFWSTRXQURKZDG-UHFFFAOYSA-N,Cn1cc(Cl)c(C2N=C(Nc3nc4ccccc4o3)NC3=C2C(=O)CCC3)n1,0.606,0,1
272,AQFAZOZBWBGLSX-UHFFFAOYSA-N,COc1ccc(C2C=C(c3ccc(Cl)cc3)Nc3nc(-c4ccc(Cl)cc4)nn32)cc1,1,1,1
273,LLPBUXODFQZPFH-UHFFFAOYSA-N,CC1(C)C(=O)NC2=C1C(=O)C(=O)c1ccccc12,0.003,0,0
274,AZZIXNGNPUXLKZ-UHFFFAOYSA-N,Cc1ccc(S(=O)(=O)Nc2cc(Cl)cc(C(=O)Nc3nc(-c4ccccc4)cs3)c2)cc1,1,1,1
275,ZOFGHOPZDDJVFA-UHFFFAOYSA-N,O=C1CCc2cc(S(=O)(=O)Nc3ccc(F)c(Cl)c3)ccc2N1,0.617,0,1
276,CBRUAMMPCJIORF-UHFFFAOYSA-N,O=C(Nc1nc(-c2ccccc2)cs1)c1ccccc1[N+](=O)[O-],0.986,1,1
277,LYGYLEPKPBJNGQ-UHFFFAOYSA-N,CS(=O)(=O)N1CCN(c2nc(-c3ccc(Br)cc3)cs2)CC1,0.996,1,1
278,XXUFNNVFZFVKGP-UHFFFAOYSA-N,CCOC(=O)N1CCN(C(=O)Cn2sc3nc(C)cc(C)c3c2=O)CC1,0.002,0,0
279,HPHWWCGTFRXFSX-UHFFFAOYSA-N,COc1ccc(OC)c(CNc2ncnc3onc(C)c23)c1,0.423,0,0
280,TUTLRKKYUXPDGN-HNNXBMFYSA-N,COc1c(O)ccc2c1CN1CCc3cc4c(cc3[C@@H]1C2)OCO4,0.076,0,0
281,QTIYBXLKHOGOMW-UHFFFAOYSA-N,Cc1ccnc(NC(=S)N2CCN(c3ncc(C(F)(F)F)cc3Cl)CC2)c1,0.97,0,1
282,IJPVGGQIVOIEAF-UHFFFAOYSA-N,O=C(Nc1cccc(S(=O)(=O)C(F)(F)F)c1)c1ccccc1NC(=O)c1ccccc1OCC(F)(F)F,0.958,1,1
283,QLTWHYMYUUVCBH-UHFFFAOYSA-N,CN1CCN(c2cc(-c3nc(Nc4ccc(F)c(F)c4)c4ccccc4n3)ccn2)CC1,0.775,1,1
284,TWQXNSMGMAMVDY-UHFFFAOYSA-N,CCOc1ccccc1CNS(=O)(=O)c1ccc(-c2cnc(C3CC3)o2)cc1,0.999,1,1
285,MGMZLRLPUYVFOC-HNNXBMFYSA-N,Fc1ccc(CN2CCOC[C@H]2c2ncc(-c3ccc(Cl)s3)[nH]2)cc1,0.814,1,1
286,IOCDUGJOPNOXSY-CMDGGOBGSA-N,O=c1cc(/C=C/c2c(F)cccc2Cl)[nH]c2ccccc12,0.99,1,1
287,UCMORWNYFFARFL-UHFFFAOYSA-N,CCOc1ccc(CCNC(=O)c2cc3ncccc3n2Cc2cccc(C)n2)cc1OCC,0.016,0,0
288,MSOUCVXDWWIFTI-UHFFFAOYSA-N,COCc1cc(C)nc(SCC(=O)c2ccc(O)c(O)c2)c1C#N,0.015,0,0
289,FPOLDOSRPLROAZ-NNWRFLSQSA-N,Cc1nc(-c2ccccc2)cc([C@H]2CN3CC[C@H]2C[C@@H]3CNC2CCOCC2)n1,0.001,0,0
290,RYCBEGMWBUYSAD-XMNXWDNRSA-N,CO[C@@H]1/C=C\O[C@@]2(C)Oc3c(C)c(O)c4c(c3C2=O)C(=N[C@H]2CC[C@H](O)O[C@@H]2C)C=C(NC(=O)/C(C)=C\C(=O)[C@@H]2C[C@@H]2[C@@H](O)[C@H](C)[C@@H](O)[C@H](C)[C@H](OC(C)=O)[C@@H]1C)C4=O,0.118,0,0
291,WQARUVRGOHJYJX-UHFFFAOYSA-N,O=S(=O)(c1ccc2ccccc2c1)N1CCN(c2nc(-c3cccs3)nc3ccccc23)CC1,1,1,1
292,KJJVYOHEPKCCLF-UHFFFAOYSA-N,Cc1ccc(S(=O)(=O)Nc2cccc(C(=O)Nc3nc(-c4ccccc4)cs3)c2Cl)cc1,0.974,1,1
293,NZOMKZDAZUUIBN-UHFFFAOYSA-N,O=C1CCCc2cc(S(=O)(=O)Nc3cnccc3C(=O)Nc3nc(-c4ccccc4)cs3)ccc2N1,0.339,0,0
294,WMBQKFZMFSMHHA-UHFFFAOYSA-N,Cc1ccc(S(=O)(=O)N2CCCc3cc(NS(=O)(=O)c4ccccc4)ccc32)cc1,0.998,1,1
295,UOCXATWKCAHOQU-UHFFFAOYSA-N,CC(=O)NCc1ccc(-c2csc(Nc3cccc(C)c3)n2)o1,0.365,0,0
296,COQSRMKGWDAKJE-UHFFFAOYSA-N,CCOc1ccc(CCNC(=O)c2cccc(C(=O)c3ccccc3)c2)cc1OCC,0.603,1,1
297,GCDGPVJICRWJOO-UHFFFAOYSA-N,Cc1ccc(S(=O)(=O)Nc2ccc(C(=O)Nc3nc(-c4ccccc4)cs3)c(Cl)c2)cc1,0.997,1,1
298,JOWXJLIFIIOYMS-UHFFFAOYSA-N,COc1ccc(-c2nc(N3CCOCC3)c3sc(CN(C)c4ncc(C(=O)NO)cn4)cc3n2)cn1,0.864,1,1
299,BQEFBPKSONSGIL-UHFFFAOYSA-N,FC1(F)CCN(c2nc(-c3ccncc3)nc3ccccc23)CC1,0.982,1,1
300,STQIYASOVVTHAJ-UHFFFAOYSA-N,Cc1cnc(-c2ccccc2C(F)F)nc1NCC1CN(c2cnccn2)C1,0.137,0,0
301,MWDUPPUMXCIRET-UHFFFAOYSA-N,CCN1CCN(c2ccc(Nc3ccc(-c4ccc(C(N)=O)cc4)n4ncnc34)cc2)CC1,0.264,0,0
302,WPSFPRGJZJKOLP-UHFFFAOYSA-N,COc1cccc(CNc2ccc(S(=O)(=O)Nc3ccccn3)cc2)c1O,0.842,1,1
303,FOSDOWVYKFWGPG-VZUCSPMQSA-N,Cc1cccc2c1NC(=O)/C2=C/c1cc(Cl)c(O)c(Cl)c1,0.832,0,1
304,OOLIPZRTMIAKSL-UHFFFAOYSA-N,CC(CNC(=O)C1CCN(Cc2cc3ccccc3n2Cc2ccccc2)CC1)c1ccccc1,0.864,1,1
305,SWQAIPIBLSBQAA-UHFFFAOYSA-N,COC(=O)CNC(=O)c1nc(-c2ccc([S+](C)(=O)[O-])cc2)c2ccccn12,0.768,1,1
306,VDJPGNGDFZLMKU-BJKOFHAPSA-N,COc1ccc(C(=O)N[C@@H]2CCC[C@@H]2C(=O)N2CCC(Cc3ccccc3)CC2)cc1,0.403,0,0
307,LGJRYJGSSSDVJS-UHFFFAOYSA-N,CCOc1ccc(CCNC(=O)c2cc3sccc3n2Cc2cccc(C)c2)cc1OCC,0.988,1,1
308,YHLCUGLUVKDQPW-UHFFFAOYSA-N,O=C(Nc1nc(-c2ccccc2)cs1)c1ccncc1NS(=O)(=O)c1ccc2c(c1)CCC2,0.973,1,1
309,NYTDQYAFVXMVKC-UHFFFAOYSA-N,Nc1nc2c(s1)C(c1ccccc1)CC(=O)N2,0.024,0,0
310,LPKDVSDULQFWOT-UHFFFAOYSA-N,CCOc1ccc(CCNC(=O)c2cc3sccc3n2CCN2CCOCC2)cc1OCC,0.066,0,0
311,UYJNQQDJUOUFQJ-UHFFFAOYSA-N,CNC(=O)c1ccccc1Nc1nc(Nc2ccc(N3CCOCC3)cc2OC)ncc1Cl,0.789,1,1
312,YVOCBTNFVCGYIE-UHFFFAOYSA-N,O=C(c1cccs1)c1nonc1C(=O)c1cccs1,0.351,1,0
313,KPBNHDGDUADAGP-VAWYXSNFSA-N,O=C(/C=C/c1cccnc1)NCCCCC1CCN(C(=O)c2ccccc2)CC1,0.038,0,0
314,VCBTWOVZUMXUCE-UHFFFAOYSA-N,COc1cccc(CNc2ccc(S(=O)(=O)Nc3cccc4ccncc34)cc2)c1O,0.942,1,1
315,NGIFHAUKQGDVSR-UHFFFAOYSA-N,CCOc1cc(-c2nccc3cc(OC)c(OC)cc23)cc(OCC)c1OCC,0.46,0,0
316,JGLFTAZREPCHEW-UHFFFAOYSA-N,CN(C(=O)CSc1nc2ccc(NC(=O)c3ccc(F)cc3)cc2s1)c1ccccc1,0.999,1,1
317,PJNDZOYSGAYPLB-UHFFFAOYSA-N,CC(=O)c1c(C)[nH]c(C(=O)Nc2cccc([S+](=O)([O-])N3CCC(F)(F)CC3)c2)c1C,0.93,1,1
318,WDHLYHNQWSCJON-UHFFFAOYSA-N,O=S(=O)(Nc1cccc2ccccc12)c1ccc(NCc2ccc(Br)cc2O)cc1,0.998,1,1
319,OOVKWDZCUXDMJE-UHFFFAOYSA-N,CC(C)c1ccccc1-c1ncc(F)c(NCc2ccc(-c3cccnc3)s2)n1,0.997,1,1
320,MJISTPRKTBEXEH-UHFFFAOYSA-N,O=C(NCCCO)c1ccc(-c2ncc3cnc(-c4cccc(F)c4)cn23)cc1,0.052,0,0
321,MFGLROBKXCTFOF-UHFFFAOYSA-N,CCOc1ccc(CCNC(=O)c2ccccc2)cc1OCC,0.322,0,0
322,KZENBFUSKMWCJF-UHFFFAOYSA-N,OCc1ccc(-c2ccc(-c3ccc(CO)s3)o2)s1,1,0,1
323,KTEXNACQROZXEV-PVLRGYAZSA-N,C=C1C(=O)O[C@@H]2[C@H]3O[C@]3(C)CC/C=C(\C)CC[C@@H]12,0.368,1,0
324,ZNYQOGONCPALCA-UHFFFAOYSA-N,CCc1cccc(-n2nnc(-c3nsc(NC(=O)c4cccc(OC)c4)n3)c2C)c1,0.999,1,1
325,LFMHIFOQPBSKFM-UHFFFAOYSA-N,Cc1cnc(-c2ccccc2OC(C)C)nc1NCc1ccc(-n2ccnn2)cc1,0.517,0,1
326,CJGXFHQJQPWRRG-UHFFFAOYSA-N,O=C(NCc1ccco1)c1nc2nc(-c3cccs3)cc(C(F)(F)F)n2n1,0.914,1,1
327,WTBUFDUDNVJYEB-UHFFFAOYSA-N,CC1=C(C(=O)Nc2nc3ccccc3s2)C(c2[nH]ncc2Cl)N=C(Nc2nc3ccccc3o2)N1,0.999,1,1
328,CRHSRTXZFRNUHA-UHFFFAOYSA-N,NC(=O)C1CCN(c2nc(-c3ccc(F)cc3)cs2)CC1,0.476,0,0
329,VFQYLBBBRSPSNR-UHFFFAOYSA-N,Cc1noc(C)c1-c1csc(N2CCC(C(N)=O)CC2)n1,0.058,0,0
330,VWTWLTRLLPUALI-UHFFFAOYSA-N,O=S(=O)(Nc1nccs1)c1ccc(NCc2cccc(Cl)c2O)cc1,0.903,0,1
331,QNVNQMPUTFJMLX-UHFFFAOYSA-N,O=C(c1ccco1)N1CCN(c2nc(-c3ccc(Br)cc3)cs2)CC1,0.998,1,1
332,MRKUSGGZXZWCDG-UHFFFAOYSA-N,NC(=O)COc1ccc(C2CC(=O)Nc3n[nH]c(Nc4ccccc4)c32)cc1,0.144,0,0
333,GMSPPDWZIKJXMH-UHFFFAOYSA-N,COc1ccc(NC(=O)c2[nH]c(C)c(C(C)=O)c2C)cc1S(=O)(=O)N1CCCCC1,0.941,0,1
334,YVJHAYUOJJPNIV-UHFFFAOYSA-N,CC(=O)c1ccc(N2CCN(C(=O)c3ccc4c(c3)CC(=O)N4)CC2)cc1,0.25,0,0
335,VWOIKFDZQQLJBJ-DTQAZKPQSA-N,CCCCCOc1ccccc1/C(=C\SC)n1ccnc1,0.99,1,1
336,QZVNQOLPLYWLHQ-ZEQKJWHPSA-N,COC(=O)C1=C(C)NC(C)=C(C(=O)O[C@@H]2CCCN(Cc3ccccc3)C2)[C@@H]1c1cccc([N+](=O)[O-])c1,0.937,1,1
337,NAMQQRIYZTTYCJ-UHFFFAOYSA-N,Clc1ccc2ncc(-c3cccc(NC4CCNC4)n3)n2c1,0.043,0,0
338,BSTYITXHUQTYBA-UHFFFAOYSA-N,FC(CN1CCNCC1)Cn1c2ccc(Br)cc2c2cc(Br)ccc21,0.935,1,1
339,WMCOYUSJXXCHFH-UHFFFAOYSA-N,O=C(Nc1ccc(F)c(C(F)(F)F)c1)Nc1nnc(-c2ccncc2)s1,0.539,1,1
340,UWTRKIJAGTTXNM-UHFFFAOYSA-N,Cc1ccc(NC(=O)N2CCN(c3nc(N)nc4sc(-c5cccnc5)nc34)CC2)cc1,0.881,1,1
341,YKRURHJIEIZSLT-UHFFFAOYSA-N,O=C(NCC1Cn2cccc2CN1Cc1cccnc1)Nc1ccccc1,0.014,0,0
342,HWQWMJOQMHHNGH-UHFFFAOYSA-N,O=C(Nc1ccc(Cl)cc1Cl)c1cnc2ccccc2n1,0.995,1,1
343,RGCVKNLCSQQDEP-UHFFFAOYSA-N,OCCN1CCN(CCCN2c3ccccc3Sc3ccc(Cl)cc32)CC1,0.115,0,0
344,IKQKKNPCDWGQIP-UHFFFAOYSA-N,CCn1cc(C(=O)N2CCN(c3cccc(Cl)c3)CC2)c2cc(OC)c(OC)cc2c1=O,0.625,1,1
345,LZMOSYUFVYJEPY-UHFFFAOYSA-N,Clc1ccc(C2(c3ccc(-c4cn[nH]c4)cc3)CCNCC2)cc1,0.206,0,0
346,SWQZBPJSOQSZLX-UHFFFAOYSA-N,Cc1ccc(C(=O)N2CCc3sc(C(=O)NC(C)c4ccccc4)cc3C2)cc1,0.942,1,1
347,SKIDNLVTIHYMTE-UHFFFAOYSA-N,CC(=O)c1c(C)[nH]c(C(=O)Nc2cccc([S+](=O)([O-])Nc3ccccc3)c2)c1C,0.739,1,1
348,WXODFHRTBPNRMR-UHFFFAOYSA-N,Cc1ccc(S(=O)(=O)Nc2cc(C(=O)Nc3nc(-c4ccccc4)cs3)ccn2)cc1,0.992,1,1
349,RDTAHMIMQLRAMR-UHFFFAOYSA-N,Clc1ccc2ncc(-c3cccc(NC4CNC4)n3)n2c1,0.004,0,0
350,JTJJUCQAZREEBD-UHFFFAOYSA-N,Cc1ccc(-n2ncc3c(NCCCn4ccnc4)ncnc32)cc1Cl,0.688,1,1
351,SOAGFCDUIPBDCW-UHFFFAOYSA-N,Oc1ccc(-c2nc(C3CC3)nc3c2CCN(Cc2ccc(F)cc2)CC3)cc1,0.283,1,0
352,LUZYYJAPMDLBLE-UHFFFAOYSA-N,Cc1ccc(S(=O)(=O)Nc2ccccc2C(=O)Nc2cnc(-c3ccccc3)cn2)cc1,0.995,1,1
353,RFPMUELUVUKZIZ-UHFFFAOYSA-N,Cc1ccc(NS(=O)(=O)c2ccc3[nH]c4c(c3c2)CCCCCC4)cc1,0.998,1,1
354,QMIYEZRIFBDIIP-UHFFFAOYSA-N,Cc1ccc(C)c(CN2C(=O)c3ccccc3[S+]([O-])c3ccc(C(=O)N4CCN(c5ccccc5F)CC4)cc32)c1,0.985,1,1
355,XBQFYTFSCZLPQF-UHFFFAOYSA-N,CN(C)c1cccc(-c2nccc(N3CCC(C(N)=O)CC3)n2)c1,0.004,0,0
356,LNAINLGOXRGFRX-UHFFFAOYSA-N,COC(=O)CNC(=O)c1nc(-c2ccc(Cl)nc2)c2cnccn12,0.079,0,0
357,UDCNDFMYRPWAQZ-UHFFFAOYSA-N,CCCCCn1c(=O)[nH]c2cc(C(=O)NCCCN3CCCCC3)ccc2c1=O,0.033,0,0
358,IUMQXQJZIHWLIN-HSZRJFAPSA-N,COC(=O)[C@H](NC(=O)c1cc(-c2ccccc2)nc2ccccc12)c1ccccc1,0.828,1,1
359,JWXPXDGKNVBSOC-UHFFFAOYSA-N,COc1ccccc1C(=O)Nc1nc2nc(C)cc(=O)n2[nH]1,0.015,0,0
360,DLSFAJHHDXJOAO-UHFFFAOYSA-N,Cc1cc(NS(=O)(=O)c2ccc(NCCc3ccc(Cl)c(Cl)c3)cc2)no1,0.777,0,1
361,WWPNUPZQMRTWRQ-UHFFFAOYSA-N,CCOc1ccc(S(=O)(=O)NCc2cccnc2)cc1NC(=O)c1ccccc1F,0.41,1,0
362,SLFZKYXGPCDCMK-UHFFFAOYSA-N,Cc1nc(N2CCN(c3ccccn3)CC2)c2c(C)c(C(=O)Nc3ccc(F)cc3Cl)sc2n1,0.992,1,1
363,HBFIZJVGUAPHLP-UHFFFAOYSA-N,Cc1ccc(S(=O)(=O)Nc2cnccc2C(=O)Nc2nc(-c3ccc(C)c(C)c3)cs2)cc1,0.976,1,1
364,IYCPKBLAVCCJPP-UHFFFAOYSA-N,CN(Cc1ccccc1)C(=O)C1CCN(Cc2cccc3ccccc23)CC1,0.334,0,0
365,OPXLLQIJSORQAM-UHFFFAOYSA-N,COC(=O)Nc1nc2ccc(C(=O)c3ccccc3)cc2[nH]1,0.848,1,1
366,SMJAMOAYGIVKRI-UHFFFAOYSA-N,CC(C)(C)c1ccc(C(=O)Nc2cn3cc(-n4ccnc4)ccc3n2)cc1,0.989,1,1
367,NFGBSXLARAJBBS-UHFFFAOYSA-N,Cc1ccc(-c2nnc(N3CCC(C(N)=O)CC3)s2)cc1,0.157,0,0
368,ABSMFJVWTLRCJI-UHFFFAOYSA-N,Cc1nn(CC(=O)NCCCN2CCC(N3CCCCC3)CC2)c(=O)c2cc(-c3ccccc3)nn12,0.007,0,0
369,BNYVGCIUGDXTIV-UHFFFAOYSA-N,CCOC(=O)c1csc(NC(=O)c2ccncc2NS(=O)(=O)c2ccc(C)cc2)n1,0.299,1,0
370,BKTYFEQCNXQKLS-UHFFFAOYSA-N,Cc1ccnc(NC(=S)N2CCC(c3cccc(C(F)(F)F)c3)CC2)c1,0.99,1,1
371,QJZJICCUBCDFGA-UHFFFAOYSA-N,CC1CCc2ccc(F)cc2N1S(=O)(=O)c1cccs1,0.991,1,1
372,PNCCDQUXHKJWKW-UHFFFAOYSA-N,Cc1ccc(S(=O)(=O)Nc2ccncc2C(=O)Nc2nc(-c3ccccc3)cs2)cc1,0.989,1,1
373,BTIHMVBBUGXLCJ-OAHLLOKOSA-N,CC[C@H](CO)Nc1nc(NCc2ccccc2)c2ncn(C(C)C)c2n1,0.001,0,0
374,AHXRHFGACGLNOI-UHFFFAOYSA-N,Cc1ccnc(C)c1C(=O)Nc1cccc([S+](=O)([O-])N(C)C)c1,0.011,0,0
375,IRYVSWYPAKNUCY-UHFFFAOYSA-N,c1ccc(C2=Nn3c(nnc3-c3ccncc3)SC2)cc1,0.997,1,1
376,FXEABPZRXNAUJJ-UHFFFAOYSA-N,O=C(CCCCn1c(=O)[nH]c2ccsc2c1=O)N1CCN(c2cccc(Cl)c2)CC1,0.37,0,0
377,WINHZLLDWRZWRT-UHFFFAOYSA-N,CCN(CC)CCNC(=O)c1c(C)[nH]c(C=C2C(=O)Nc3ccc(F)cc32)c1C,0.004,0,0
378,XFSROYLEZWLPAP-UHFFFAOYSA-N,COc1ccc(C2=Nn3c([n+](C)c4ccccc43)SC2)cc1,0.002,0,0
379,XECDVUDGNRYSTJ-UHFFFAOYSA-N,O=[S+]([O-])(Nc1cccc2cccnc12)c1ccc(NCc2ccc(Cl)cc2O)cc1,0.983,1,1
380,CVWXJKQAOSCOAB-UHFFFAOYSA-N,CC(C)(C)c1cc(NC(=O)Nc2ccc(-c3cn4c(n3)sc3cc(OCCN5CCOCC5)ccc34)cc2)no1,0.989,1,1
381,RBGNHCYGFBRIRO-UHFFFAOYSA-N,Cn1cc(Nc2cnccc2C(=O)O)c2cccnc21,0.032,0,0
382,FJIMDBQFZAPZDA-UHFFFAOYSA-N,NC(=O)C1CCN(c2nccc(-c3ccc4c(c3)OCCO4)n2)CC1,0.614,0,1
383,FNQVRBUQOISMRW-UHFFFAOYSA-N,COC(=O)c1ccc(Nc2nc(-c3ccncc3)nc3ccccc23)cc1OC,0.999,1,1
384,NJZXGYBSNRPLPU-UHFFFAOYSA-N,Cc1c(O)ccc2c1OC(C)(C)CC2,0.998,1,1
385,CQKMBZHLOYVGHW-IGMRMVRISA-N,Nc1ncnc2c1ncn2[C@H]1O[C@@H](CO)[C@@H](O)[C@H]1N,0.007,0,0
386,VRQVVMDWGGWHTJ-CQSZACIVSA-N,COc1ccc2c(c1)N(C[C@H](C)CN(C)C)c1ccccc1S2,0.004,0,0
387,XTMDOORRAYGVBP-UHFFFAOYSA-N,c1cc(-c2cc(-c3ccncc3)c3cncn3c2)c2[nH]ccc2c1,0.601,1,1
388,LHGWWAFKVCIILM-LAQKFSSHSA-N,CC[C@@H](C)Nc1cc(C(=O)NC2CC3CCC(C2)N3c2ccc(C(=O)C3CC3)cn2)c(C)cc1C(N)=O,0.947,1,1
389,VLULRUCCHYVXOH-UHFFFAOYSA-N,Cc1ccccc1CN1C(=O)C2=C(CCN(Cc3ccccc3)C2)N2CCN=C12,0.01,0,0
390,RFLMDZCYHCLEGJ-UHFFFAOYSA-N,CCN1CCN(CCCOc2ccc(-c3ccccc3)cc2)CC1,0.248,0,0
391,JSIAQJXGRVJVSC-UHFFFAOYSA-N,CCOc1ccc(C(C)CNC(=O)c2cc3sccc3n2Cc2ccccc2)cc1OCC,0.973,1,1
392,SRKWLIWAJWBHFQ-TZIWHRDSSA-N,COc1ccc(-n2nc(C)c([C@@H]3C=C[C@@H](NCc4cccc(Cl)c4)C3)c2C)cc1,0.228,0,0
393,AZQMXTQICGNFIK-UHFFFAOYSA-N,O=C(Cc1nc2ccc(Cl)cc2[nH]1)Nc1ccc(S(=O)(=O)Nc2nccs2)cc1,0.936,1,1
394,GXDALQBWZGODGZ-UHFFFAOYSA-N,COc1ccc(CCN2CCC(Nc3nc4ccccc4n3Cc3ccc(F)cc3)CC2)cc1,0.168,0,0
395,DBLURDNOWBZRHB-UHFFFAOYSA-N,Cc1ccccc1C(=O)N1CCc2cc(-c3nc(NC(=O)Cc4ccc5c(c4)OCCO5)sc3C)ccc21,0.998,1,1
396,XPOPNPKBWKKOTM-UHFFFAOYSA-N,O=C(Nc1ccc(N2CCN(c3ncccc3C(F)(F)F)CC2)nc1)c1cccs1,0.993,1,1
397,NEEWSGYCYIODPM-UHFFFAOYSA-N,Cc1ccc(S(=O)(=O)Nc2cnccc2C(=O)Nc2cccc3ccccc23)cc1,0.657,0,1
398,BTMQBZOFYRKLBV-UHFFFAOYSA-N,O=C1NC(=S)NC(=O)C1=Cc1cccn1-c1ccc(O)cc1,0.124,0,0
399,DAMQWYNDMORWCY-UHFFFAOYSA-N,CC(C)(C)C(=O)N1CCN(c2nccc(Nc3ccccc3Cl)n2)CC1,0.396,0,0
400,BTAVWIDYKYNYMA-UHFFFAOYSA-N,Cc1ccnc(NC(=S)N2CCN(c3cc(Cl)cc(Cl)c3)CC2)c1,0.996,1,1
401,VUCCWLHBQCYEIR-UHFFFAOYSA-N,Cc1cnc(N2CCC(C(N)=O)CC2)nc1-c1cccc(N(C)C)c1,0.005,0,0
402,OMNOGBPVYFVKRM-UHFFFAOYSA-N,c1ccc(-c2cc(Nc3nc(-c4ccncc4)nc4ccccc34)n[nH]2)cc1,0.999,1,1
403,UPNMPXFYMWBVBA-UHFFFAOYSA-N,Nc1nc(Nc2ccc(S(N)(=O)=O)cc2)n(C(=S)Nc2c(F)cccc2F)n1,0.27,1,0
404,ONIQOQHATWINJY-UHFFFAOYSA-N,COc1cc2nccc(Oc3ccc(NC(=O)C4(C(=O)Nc5ccc(F)cc5)CC4)cc3)c2cc1OC,0.998,1,1
405,BCFGMOOMADDAQU-UHFFFAOYSA-N,CS(=O)(=O)CCNCc1ccc(-c2ccc3ncnc(Nc4ccc(OCc5cccc(F)c5)c(Cl)c4)c3c2)o1,0.991,1,1
406,RSAQARAFWMUYLL-UHFFFAOYSA-N,Cc1ccccc1CN1C2=NCCN2C(=O)C2=C1CCN(Cc1ccccc1)C2,0.004,0,0
407,XKTUKRBLWOHYIL-MLPAPPSSSA-N,O=C1Nc2ccc(C(=O)c3ccco3)cc2/C1=C/c1cc(Cl)c(O)c(Cl)c1,0.637,1,1
408,QIQLBSZRAIVRMG-UHFFFAOYSA-N,COc1ccccc1CNS(=O)(=O)c1ccc(-c2cnc(C3CC3)o2)cc1,1,1,1
409,MBEJNVLJLLEPHL-UHFFFAOYSA-N,O=C(Cc1ccc(O)cc1)N1CC(CNc2ccccc2)C2(C1)CN(c1ccccc1)C2,0.914,1,1
410,WSQPDZJDLJCMIK-UHFFFAOYSA-N,CCOc1ccc(CCNC(=O)c2cc3sccc3n2Cc2ccccc2)c(F)c1OCC,0.985,1,1
411,QKLJLRGZFIWPLI-UHFFFAOYSA-N,O=C(C1CCN(c2nc(-c3ccc(Br)cc3)cs2)CC1)N1CCNCC1,0.088,0,0
412,UVDKNORLEFTOMX-LJAQVGFWSA-N,CN1C(=O)c2ccccc2[S@+]([O-])c2ccc(C(=O)NCc3ccc(Cl)cc3)cc21,0.879,1,1
413,RHZLKBRFIAZMTN-UHFFFAOYSA-N,Cc1ccc(Nc2nc(NCCO)c3ccccc3n2)cc1C,0.512,0,1
414,VAVXGGRQQJZYBL-UHFFFAOYSA-N,O=C(NCCCNc1nc(Nc2cccc(NC(=O)N3CCCC3)c2)ncc1I)c1cccs1,0.261,0,0
415,ARNHOVZVCICNJX-UHFFFAOYSA-N,Cc1ccc(C(=O)N2CCc3c(nc4cc(-c5ccccc5)[nH]n4c3=O)C2)cn1,0.758,1,1
416,ANOPQYHFLBJHGS-UHFFFAOYSA-N,Fc1ccc(CN2CCNc3cc(Nc4ccccc4)ncc3C2)cc1F,0.037,0,0
417,ITLPIAAGIQAGRA-UHFFFAOYSA-N,Cc1cc(C)nc(NC(=S)N2CCN(c3ccncc3)CC2)c1,0,0,0
418,FBFSJRQKCVUHOB-UHFFFAOYSA-N,O=C(O)c1cccc(-c2cnc3ccccc3c2)c1,0.039,0,0
419,YJPPZSPGXZPSLO-UHFFFAOYSA-N,O=C(Nc1ncnc2sc3c(c12)CCCCC3)c1ccco1,0.997,1,1
420,YLLOLSCPHATDCQ-UHFFFAOYSA-N,NC(=O)C1CCN(c2nc(-c3cccc4ccccc34)cs2)CC1,0.568,0,1
421,WJUUHRHDGJFIEO-UHFFFAOYSA-N,Cn1c(CN2CCCCC2)nc2cc(NC(=O)c3cccc(Br)c3)ccc21,0.204,0,0
422,PSQJCJHBEDOKFE-FGZHOGPDSA-N,COc1ccc(-n2nc(C)c([C@@H]3C=C[C@@H](NCc4ccc(N(C)C)cc4)C3)c2C)cc1,0.007,0,0
423,YDTBIHVZZFEARA-UHFFFAOYSA-N,O=[S+]([O-])(Nc1ccc(-c2ccccc2)cc1)c1ccc(NCc2ccc(Cl)cc2O)cc1,1,1,1
424,MBMNAAZTSJKXFK-UHFFFAOYSA-N,CC1(C)CC(=O)C2=C(C1)NC(Nc1nc3ccccc3o1)=NC2c1ccccc1Cl,0.998,1,1
425,VAUQAHARXLWWAG-UHFFFAOYSA-N,CC(=O)Nc1ccc(C(=O)Nc2ccc3c(c2)N(C2CCCC2)C(=O)c2ccccc2S3)cc1,0.999,1,1
426,HMENWYLMCIDLOH-UHFFFAOYSA-N,O=C(NC1CCCc2c1[nH]c1c(Cl)cccc21)c1ccc2c(c1)OCO2,0.999,1,1
427,VWZOCNOPQRMCLP-UHFFFAOYSA-N,COc1ccc(-n2nc(C3CCCN(C(=O)c4cccc(OC)c4)C3)[nH]c2=O)cc1,0.026,0,0
428,FOACEKXBNDJEEQ-YPADZDGLSA-N,C[C@H]1[C@@H](CCC(=O)Nc2ccc(F)cc2)O[C@@H]2O[C@]3(C)CC[C@@H]4[C@H](C)CC[C@@H]1[C@@]24OO3,0.786,0,1
429,NJYXWXLBXPBUFY-UHFFFAOYSA-N,O=S(=O)(Nc1ccc2ccccc2c1)c1ccc(NCc2cccc(Cl)c2O)cc1,0.999,1,1
430,XUYTXJPLDNUWPZ-UHFFFAOYSA-N,CCc1cccc(NC(=O)C(Cc2ccccc2)NS(=O)(=O)c2cccs2)c1,0.967,1,1
431,CZCHIEJNWPNBDE-UHFFFAOYSA-N,CCc1oc2ccccc2c1C(=O)c1cc(I)c(O)c(I)c1,0.033,0,0
432,GIEKPSWHDMHZQG-UHFFFAOYSA-N,O=C(NC1CC1)C1CCCN1C(=O)c1cccc(-c2ccccn2)c1,0.001,0,0
433,YUCGFXMQHGMRKI-UHFFFAOYSA-N,CC1=Nc2cc(C(=O)NC3CCCC3)ccc2Sc2ccc(C)cc21,1,1,1
434,BJCDJIMUSHTREA-UHFFFAOYSA-N,CN(C)C(=O)C1CCN(c2nc(-c3ccc(Br)cc3)cs2)CC1,0.929,1,1
435,IDZASIQMRGPBCQ-KRWDZBQOSA-N,CCCCN1CCC[C@H]1CNC(=O)c1cc(C#N)c2ccccc2c1OC,0.145,0,0
436,DJMSSTDJBQZAGM-UHFFFAOYSA-N,Cn1ccc2c(C(=O)NCCC(N)=O)nc(-c3cccc(CO)c3)cc21,0.024,0,0
437,MAASHDQFQDDECQ-UHFFFAOYSA-N,O=C1C(SCCO)=C(SCCO)C(=O)c2ccccc21,0.001,0,0
438,QMLVECGLEOSESV-RYUDHWBXSA-N,CN1C[C@@H]2C[C@H]1CN2c1cc2c(cc1F)c(=O)c(C(=O)O)cn2C1CC1,0.017,0,0
439,HDOZVRUNCMBHFH-UHFFFAOYSA-N,CN(C)CCOC1=Cc2ccccc2Sc2ccc(Cl)cc21,0.956,0,1
440,SOEKKIGHJIUXSS-UHFFFAOYSA-N,NC(=O)C1CCN(c2nnc(-c3ccc4c(c3)OCCCO4)s2)CC1,0.255,1,0
441,ICBMIEKVUGWAAM-UHFFFAOYSA-N,CCN(CC)CCNC(=O)C1CCN(c2nn3cc(-c4ccc(F)cc4)nc3s2)CC1,0.004,0,0
442,HQEFYGNAWINGCA-UHFFFAOYSA-N,COc1ccc(-n2nc(C3CCCN(C(=O)c4ccccc4F)C3)[nH]c2=O)cc1,0.019,0,0
443,XSWITMOGMLFSHV-UHFFFAOYSA-N,COc1cccc(NS(=O)(=O)c2ccc(C)cc2)c1C(=O)Nc1nc(-c2ccccc2)cs1,0.995,1,1
444,HLRLJPGVOWSQDK-UHFFFAOYSA-N,COc1ccc(-c2cc(-c3cccc4[nH]ncc34)cn3cncc23)cn1,0.906,1,1
445,WSPOMRSOLSGNFJ-VGOFMYFVSA-N,CN(C)CC/C=C1\c2ccccc2Sc2ccc(Cl)cc21,0.971,1,1
446,YRCHYHRCBXNYNU-UHFFFAOYSA-N,COCCNCc1ccc(-c2cc3nccc(Oc4ccc(NC(=S)NC(=O)Cc5ccc(F)cc5)cc4F)c3s2)nc1,0.982,1,1
447,GBJVVSCPOBPEIT-UHFFFAOYSA-N,CCN(CCCOc1ccc2c(Nc3cc(CC(=O)Nc4cccc(F)c4)[nH]n3)ncnc2c1)CCOP(=O)(O)O,0.002,0,0
448,XHTANUIYFKPBBI-UHFFFAOYSA-N,COc1ccc(-n2nc(C3CCCN([S+](=O)([O-])c4cccc(C(F)(F)F)c4)C3)[nH]c2=O)cc1,0.98,1,1
449,HGGDYSUSQXHBEW-UHFFFAOYSA-N,Nc1nc2c(s1)C(c1ccc(F)c(F)c1)CC(=O)N2,0.067,0,0
450,AADCDMQTJNYOSS-LBPRGKRZSA-N,CCc1cc(Cl)c(OC)c(C(=O)NC[C@@H]2CCCN2CC)c1O,0.031,0,0
451,KVAYLYPNVWEFSD-UHFFFAOYSA-N,Cc1ccc(S(=O)(=O)Nc2ccccc2C(=O)Nc2nc(-c3ccccc3)c(C)s2)cc1,0.998,1,1
452,IBAFKLIUWAJKPP-UHFFFAOYSA-N,COc1ccc(-c2cc(C(F)(F)F)nc(SCCC(=O)Nc3cc(C)ccc3O)n2)cc1,0.991,1,1
453,JNUMVWNOMHNOGA-UHFFFAOYSA-N,O=C(Nc1ncc(Cc2ccccc2)s1)c1ccc(-c2cccc([N+](=O)[O-])c2)o1,0.999,1,1
454,JLPQSUOMAMDKBF-UHFFFAOYSA-N,Cc1cccc(NCc2ccc(O)c3ncccc23)c1,0.966,1,1
455,PCWGGOVOEWHPMG-UHFFFAOYSA-N,Clc1cccc(COc2cncc(N3CCNCC3)n2)c1,0.081,0,0
456,OIAAANAOBMYPEN-UHFFFAOYSA-N,Cc1ccc(S(=O)(=O)Nc2cnccc2C(=O)Nc2nc(-c3ccc(Cl)c(Cl)c3)cs2)cc1,0.973,1,1
457,JPOAHQLTXWPNNY-UHFFFAOYSA-N,COc1ncccc1-c1cc2[nH]ccc2c(C(=O)NCc2c(C)cc(C)[nH]c2=O)n1,0.436,1,0
458,KPJZHOPZRAFDTN-ZRGWGRIASA-N,CC[C@@H](CO)NC(=O)[C@@H]1C=C2c3cccc4c3c(cn4C)C[C@H]2N(C)C1,0.001,0,0
459,UROZHJFFKBQSPO-UHFFFAOYSA-N,O=S(=O)(Nc1cccc(C(F)(F)F)c1)c1ccc(NS(=O)(=O)c2ccc3c(c2)OCCO3)cc1,0.942,1,1
460,LWXJAEVJAMQEMW-UHFFFAOYSA-N,CC(C)(C)c1ccc(-c2csc(N3CCC(C(N)=O)CC3)n2)cc1,0.821,1,1
461,RGRCISYVIDYKQZ-UHFFFAOYSA-N,N#Cc1cccc(NC(=O)c2sc3nc4c(cc3c2N)N2CCC4CC2)c1,0.993,1,1
462,ASRSXDRAEGLYDZ-UHFFFAOYSA-N,Clc1ccc(-c2nnc(C3CCCCC3)o2)cc1,1,1,1
463,BLBMHLRXSKBLMH-UHFFFAOYSA-N,CCOC(=O)c1c(C)c(-c2ccccc2)n(CC(=O)NCc2ccccc2)c1C,0.892,1,1
464,VBYVFUJVOXFCJC-UHFFFAOYSA-N,Cc1ccc(S(=O)(=O)Nc2cnccc2C(=O)Nc2nc(-c3cccc(F)c3)cs2)cc1,0.838,1,1
465,FTVAQPNJOHGXJS-UHFFFAOYSA-N,Cc1cnc(-c2ccccc2C(F)F)nc1NCc1ccc(-n2ccnn2)cc1,0.97,1,1
466,IQIBKMKOWOZEST-UHFFFAOYSA-N,Cc1ccccc1C(=O)Nc1sc2c(c1C(=O)NCc1ccco1)CCC(C(C)(C)C)C2,0.999,1,1
467,JUUFBMODXQKSTD-UHFFFAOYSA-N,CCOC(=O)Nc1ccc(NCc2ccc(F)cc2)nc1N,0.102,1,0
468,VERBIKHARTYTLX-UHFFFAOYSA-N,COc1ccc(NC(=O)c2c(C)c(C(C)=O)c(C)n2C)cc1[S+](=O)([O-])Nc1ccc(Br)cc1,0.886,1,1
469,KKTZALUTXUZPSN-UHFFFAOYSA-N,O=c1cc(N2CCOCC2)oc2c1ccc1ccccc12,0.899,0,1
470,CLPOCHDBIGBOBF-UHFFFAOYSA-N,Cc1ccc(-c2cc(C(=O)Nc3ccccn3)c3ccccc3n2)cc1,0.985,1,1
471,RNKMLXKYVDDHBX-UHFFFAOYSA-N,COc1ccc(C(=O)CCN(C)C)cc1F,0.001,0,0
472,AEMACQOKZWLDAI-UHFFFAOYSA-N,Cc1ccc(S(=O)(=O)Nc2ccccc2C(=O)Nc2ncc(-c3ccccc3)s2)cc1,0.998,1,1
473,MYNHZIBSIZNSMC-UHFFFAOYSA-N,CC(C)(C)c1ccc(S(=O)(=O)c2cnc(SCC(=O)Nc3ccc(F)c(Cl)c3)[nH]c2=O)cc1,0.324,0,0
474,IMEICQDRTCGLFX-UHFFFAOYSA-N,CC(C)(C)C1CCc2c(sc(NC(=O)c3ccncc3)c2C(N)=O)C1,0.969,1,1
475,NEZOWDLHAWBZFL-UHFFFAOYSA-N,Fc1cccc(F)c1Nc1nc(-c2ccncc2)nc2ccccc12,0.994,1,1
476,MUAICZWSFWUFNA-UHFFFAOYSA-N,CC(NCc1ccc2c(c1)nc(NC(=O)c1ccc(-c3cn[nH]c3)s1)n2CC(C)(C)O)C(C)(C)C,0.073,0,0
477,AIUJHENHBJHHMY-UHFFFAOYSA-N,CCCCCN(CCC12CC3CC(CC(C3)C1)C2)C(=O)NCCCc1ccncc1,1,1,1
478,KAENFKKOUQCPPE-UHFFFAOYSA-N,COc1cccc(Nc2nc(-c3ccncc3)nc3ccccc23)c1,0.995,1,1
479,UHXIEEMJZCVSML-UHFFFAOYSA-N,O=C1C(c2ccc(C(F)(F)F)cc2)=C(Nc2ccc(Cl)cc2)c2ccccc21,0.996,1,1
480,KGSQTZAKNPRDQF-UHFFFAOYSA-N,Cc1c(Cl)cccc1-n1ncc(C(=O)Nc2ccc(Br)cc2F)c1C1CCNCC1,0.418,0,0
481,UDCRTYXGUIEZPV-UHFFFAOYSA-N,S=c1[nH]c2ccccc2n1CCc1ccccc1,0.965,1,1
482,XGEWSLAJNBTPMF-UHFFFAOYSA-N,COc1ccc(CN2CCN(C(=O)c3cc4c(s3)CCC4)CC2)cc1,0.368,0,0
483,WEVYNIUIFUYDGI-UHFFFAOYSA-N,NC(=O)c1cccc(-c2cc(Nc3ccc(OC(F)(F)F)cc3)ncn2)c1,0.964,1,1
484,MNUJKJCMCJWBRM-UHFFFAOYSA-N,COc1ccc(NC(=O)c2cc(-c3ccc[nH]3)n[nH]2)cc1OC,0.673,0,1
485,YVXMNHCWAUMPGN-UHFFFAOYSA-N,CCOc1ccc(-c2nnc(SCC(=O)NCc3ccccc3Cl)o2)cc1,0.971,1,1
486,OCNMIAVAIFSGAW-UHFFFAOYSA-N,Fc1ccc(Nc2cc(-c3ccccc3)nc(-c3ccncc3)n2)cc1F,1,1,1
487,XZTYSIYZVXPZPS-RIYZIHGNSA-N,O=[N+]([O-])c1cccnc1N/N=C/c1ccccc1O,0.986,1,1
488,AYCPARAPKDAOEN-LJQANCHMSA-N,Cc1nc(Nc2n[nH]c3c2CN(C(=O)N[C@H](CN(C)C)c2ccccc2)C3(C)C)c2sccc2n1,0.001,0,0
489,UTEZZOAYXICASM-UHFFFAOYSA-N,Cc1cc(-c2nnc3n2CCCCC3)c(C)n1-c1cccc(C#N)c1,0,0,0
490,OLFVJQFAWDVSCR-FQEVSTJZSA-N,Cc1ccc(CN2CCOC[C@H]2c2ncc(-c3cccc(F)c3)[nH]2)cc1,0.232,0,0
491,MGIOWOQFKXPPSA-UHFFFAOYSA-N,O=C(Nc1nc(-c2ccccc2)cs1)c1ccccc1-n1cnnn1,0.909,1,1
492,ULNXAWLQFZMIHX-UHFFFAOYSA-N,CCCc1cc(C)[nH]c(=O)c1CNC(=O)c1cc(-c2ccnc(N3CCN(C)CC3)c2)cc2c1cnn2C(C)C,0.041,0,0
493,PHXJVRSECIGDHY-UHFFFAOYSA-N,Cc1ccc(C(=O)Nc2ccc(CN3CCN(C)CC3)c(C(F)(F)F)c2)cc1C#Cc1cnc2cccnn12,0.975,1,1
494,OTSBKHHWSQYEHK-UHFFFAOYSA-N,Cn1c(=O)c2[nH]c(=O)[nH]c2n(C)c1=O,0,0,0
495,QCZNLHAERJIZFX-UHFFFAOYSA-N,Clc1ccccc1Nc1nc(-c2ccncc2)nc2ccccc12,0.995,1,1
496,BXYBGEAXGCDRSR-UHFFFAOYSA-N,Cc1ccccc1-c1nc(CN2CCC(C(=O)NCCCN3CCOCC3)CC2)c(C)o1,0.001,0,0
497,NRUHMHHODVHYRV-UHFFFAOYSA-N,Cc1ccc(S(=O)(=O)Nc2cnccc2C(=O)Nc2nc(-c3cccc(Cl)c3)cs2)cc1,0.925,1,1
498,VJDDUFADNSOPAU-UHFFFAOYSA-N,Cc1ccc(-n2nc(C)c3c(-c4ccc(O)c(O)c4)c(C#N)c(N)nc32)cc1C,0.978,1,1
499,JPIHKKVXRDWSMA-TZIWHRDSSA-N,COc1ccc(-n2nc(C)c([C@@H]3C=C[C@@H](NCc4ccc(F)cc4)C3)c2C)cc1,0.034,0,0
500,NIWMHFSKAXPNMF-UHFFFAOYSA-N,COc1ccccc1C(=O)N1CCc2cc(-c3nc(NC(=O)Cc4ccc5c(c4)OCO5)sc3C)ccc21,0.999,1,1
501,UCELYZAQRUVHIA-UHFFFAOYSA-N,COc1ccc(NC(=O)c2c(C)cccc2C)cc1[S+](=O)([O-])Nc1ccc(Br)cc1,0.863,1,1
502,ZBERLBRREVWFCQ-UHFFFAOYSA-N,Fc1cccc(-c2ccc(Nc3nc(-c4ccncc4)nc4ccccc34)cc2F)c1,1,1,1
503,PTDPMHIXZFTSJB-UHFFFAOYSA-N,Cc1ccc(S(=O)(=O)Nc2ccccc2C(=O)Nc2ccc(-c3ccccc3)cn2)cc1,0.999,1,1
504,VNJKIEALUFZKJX-UHFFFAOYSA-N,Cc1ccc(C(=O)Nc2nc3nc(C)cc(=O)n3[nH]2)cc1,0.05,0,0
505,TZFRXIUHQJMGQE-UHFFFAOYSA-N,O=C(CNC(=O)c1cnccn1)NC1CCCc2c1[nH]c1ccc(Cl)cc21,0.913,1,1
506,FEZHSOQGVVCFMF-UHFFFAOYSA-N,CC(C)Oc1cccc(-c2ccnc(N3CCC(C(N)=O)CC3)n2)c1,0.529,1,1
507,BJQPZALVMVDFFS-UHFFFAOYSA-N,CN(C)CCNC(=O)c1nc2nc(-c3ccccc3)c(-c3cccc(Cl)c3)cc2n1C,0.41,0,0
508,WBKCKEHGXNWYMO-UHFFFAOYSA-N,CCOC(=O)CCNc1cc(N2CCc3ccccc3CC2)nc(-c2ccccn2)n1,0.845,1,1
509,SPLCGGROQCHKOA-UHFFFAOYSA-N,Cc1cc(C)c(CNC(=O)c2nc(-c3ccc(CN(C)C)cc3)cc3c2ccn3C(C)C)c(=O)[nH]1,0.009,0,0
510,LLBLNMUONVVVPG-UHFFFAOYSA-N,OC1(c2ccc(Cl)cc2)CCN(Cc2c[nH]c3ccccc23)CC1,0.429,0,0
511,QCYRDYGNWWRWTQ-UHFFFAOYSA-N,O=C(NCCCn1ccnc1)c1ccc(-c2ncc3cnc(-c4cccc(F)c4)cn23)cc1,0.1,0,0
512,LQBVNQSMGBZMKD-UHFFFAOYSA-N,CC1(C)CCC(CN2CCN(c3ccc(C(=O)NS(=O)(=O)c4ccc(NCC5CCOCC5)c([N+](=O)[O-])c4)c(Oc4cnc5[nH]ccc5c4)c3)CC2)=C(c2ccc(Cl)cc2)C1,0.983,1,1
513,UYBRROMMFMPJAN-UHFFFAOYSA-N,CCOC(=O)Nc1cc(-c2ccc(C)c(NS(C)(=O)=O)c2)nn2c(C)nnc12,0.015,0,0
514,RRBJZDUDIOJHKK-UHFFFAOYSA-N,O=C(c1nc(-c2cccnc2)c2ccccn12)N1CCOCC1,0.032,0,0
515,MWFCOCJZRHBHRH-UHFFFAOYSA-N,N#Cc1nc(-c2cccc3ccccc23)oc1NC1CNC1,0.749,1,1
516,NXJAAAAQVKWCEV-UHFFFAOYSA-N,COc1ccccc1-c1nc(NCc2cnc(C)cn2)c2ccccc2n1,0.036,0,0
517,CEUORZQYGODEFX-UHFFFAOYSA-N,O=C1CCc2ccc(OCCCCN3CCN(c4cccc(Cl)c4Cl)CC3)cc2N1,0.971,1,1
518,YCNCNFGBAUIIFH-UHFFFAOYSA-N,CCOc1ccc(CCNC(=O)c2cc3ccncc3n2Cc2cccc(C)c2)cc1OCC,0.878,0,1
519,VEYBPFCUWOHFSM-UHFFFAOYSA-N,Fc1ccc(Nc2nc(-n3ccnc3)nc3ccccc23)cc1F,0.991,1,1
520,ZYXOXRVBILGFMQ-UHFFFAOYSA-N,O=S(=O)(Nc1nccs1)c1ccc(NCc2cc(Cl)ccc2O)cc1,0.904,0,1
521,ITHVHASAWMAMQC-UHFFFAOYSA-N,Cc1ccc(-c2cc3c(nn2)-c2ccccc2C3=O)cc1,0.999,1,1
522,QNUKRWAIZMBVCU-WCIBSUBMSA-N,COc1ccc2c(c1)/C(=C/c1cnc[nH]1)C(=O)N2,0.087,0,0
523,JHAUXINTCBHICN-UHFFFAOYSA-N,Cc1noc(C)c1Cc1ccc(C(=O)N2CCc3c(nc4cc(-c5ccccc5)[nH]n4c3=O)C2)o1,0.867,1,1
524,MPJKLKPNFYYXHG-UHFFFAOYSA-N,COC(=O)CNC(=O)c1nc(-c2ccccc2OC)c2ccccn12,0.35,0,0
525,GALQBGXQPZFJRR-UHFFFAOYSA-N,Fc1cc(Nc2nc(-c3ccncc3)nc3ccccc23)ccc1-c1ccncc1,1,1,1
526,OZSGUPXAFSDWHG-UHFFFAOYSA-N,COc1ccc(-c2ccc3nc(-c4cc(F)cc(F)c4F)oc3c2)c(OC)c1OC,0.999,1,1
527,JOYDHLNNBYNIHE-UHFFFAOYSA-N,CCCCn1cnc2cc(NCc3ccc(OCC)cc3)ccc21,0.429,0,0
528,HWVNEWGKWRGSRK-UHFFFAOYSA-N,Cc1cc(SCc2sc(-c3ccc(C(F)(F)F)c(F)c3)nc2C)ccc1OCC(=O)O,0.031,0,0
529,VYWPENNFPXDQBJ-UHFFFAOYSA-N,Cc1cccc(C)c1C(=O)Nc1cccc([S+](=O)([O-])N2CCCCCC2)c1,0.842,1,1
530,FTODTDQFHDJWIQ-UHFFFAOYSA-N,CN1CCN(Cc2ccc(NC(=O)Cc3ccc(Oc4cc(NC(=O)C5CC5)ncn4)cc3)cc2C(F)(F)F)CC1,0.601,0,1
531,WXOUFNFMPVMGFZ-YFVPNGHZSA-N,O=C1/C(=C\c2ccccc2)C[C@@]2(O)C3Cc4ccc(O)c5c4[C@@]2(CCN3CC2CC2)[C@H]1O5,0.039,0,0
532,VKIVVKVIDSRYLO-UHFFFAOYSA-N,O=S(=O)(Nc1nccs1)c1ccc(NCc2cccc(F)c2O)cc1,0.712,0,1
533,ZPEOEICVFNCIPG-UHFFFAOYSA-N,CCOc1ccc(C2C(C(=O)Nc3ccccc3OC)=C(C)Nc3c(C(=O)Nc4cccc(C)c4)cnn32)cc1,0.996,1,1
534,PPUDLEUZKVJXSZ-VPCXQMTMSA-N,C[C@@]1(O)[C@H](O)[C@@H](CO)O[C@H]1n1ccc(N)nc1=O,0,0,0
535,UQICVKLGGAQRET-UHFFFAOYSA-N,Cc1c(CN(C)c2cc(C3CC(O)C3)nc(N)n2)[nH]c2ccccc12,0,0,0
536,KPVZEUIZCYWFNY-UHFFFAOYSA-N,O=C(c1cc2ccccc2[nH]1)N1CCc2c(n(Cc3cccnc3)n(CCc3ccccc3)c2=O)C1,0.444,0,0
537,BTHKDLDJBKQLHE-UHFFFAOYSA-N,Cc1ccccc1N(C)C1CN([S+](=O)([O-])c2cccc(C(F)(F)F)c2)C1,0.997,1,1
538,ZJJJVZJIMSJXAP-UHFFFAOYSA-N,CSc1ccccc1-c1ccc(Nc2nc(-c3ccncc3)nc3ccccc23)cc1F,1,1,1
539,XWNZXFSTDKNKCF-CXUHLZMHSA-N,CCOc1ccc(/C=C/c2nc3ccccc3n2S(=O)(=O)c2ccc(Br)cc2)cc1,1,1,1
540,YEXMKBTXTVUONI-UHFFFAOYSA-N,Oc1ccc(CNc2cccnc2)c2cccnc12,0.134,0,0
541,NXYMREXFNWASNB-UHFFFAOYSA-N,CNc1ncc(-c2cccc3ccccc23)o1,0.345,0,0
542,AYMCOCULSANHRE-UHFFFAOYSA-N,Oc1ccc(CNc2ccc(C(F)(F)F)cc2F)c2cccnc12,0.996,1,1
543,OUMCZLDQKUCLMI-UHFFFAOYSA-N,C[S+](=O)([O-])c1ccc(-c2nc(C(=O)N3CCOCC3)n3ccccc23)cc1,0.774,0,1
544,KZDXYDYXLXLFBU-UHFFFAOYSA-N,O=C(Nc1ccc(S(=O)(=O)Nc2nccs2)cc1)c1ccc(-c2ccccc2)cc1,1,1,1
545,KAJLWWLQZGRPSC-UHFFFAOYSA-N,COc1ccc(-c2csc(N3CCC(C(N)=O)CC3)n2)cc1OC,0.048,0,0
546,CHICKUIQNQRQIU-UHFFFAOYSA-N,N#CC1CCN(c2nc(-c3ccc(Br)cc3)cs2)CC1,1,1,1
547,BQOZGAFZPAZACD-UHFFFAOYSA-N,O=C(NCCCn1ccnc1)c1ccc(-c2ncc3cnc(-c4ccccc4)cn23)cc1,0.109,0,0
548,LUMRRSNNRXENJE-UHFFFAOYSA-N,Nc1nc2c(s1)C(c1cc(Cl)ccc1F)CC(=O)N2,0.854,1,1
549,VRQVLVWHYRMLBX-UHFFFAOYSA-N,CCOC(=O)c1ccc(NC(=O)CSc2nc3c(cc2C#N)N2CCC3CC2)cc1,0.997,1,1
550,HFNUWULDOCRCPD-INIZCTEOSA-N,O=C(NC[C@H]1Cn2c(-c3ccc(Cl)cc3)cnc2CO1)C1CCCC1,0.048,0,0
551,RWAQSXLBTRGUIZ-UHFFFAOYSA-N,COC(=O)c1ccc2nc(NC3=NC(c4[nH]ncc4Cl)C4=C(CCCC4=O)N3)oc2c1,0.935,1,1
552,ZSQPVEZFJNADBV-UHFFFAOYSA-N,COC(=O)c1ccccc1C(=O)Nc1nc(-c2ccccc2)cs1,0.986,1,1
553,ZNJPXMPDCCKPAW-UHFFFAOYSA-N,COc1cccc(C(=O)Nc2ccc3oc(-c4ccc5ccccc5c4)nc3c2)c1,1,1,1
554,IERYLMZJBPRMSB-UHFFFAOYSA-N,O=[S+]([O-])(Nc1nccs1)c1ccc(NCc2ccc(Cl)c(Cl)c2)cc1,0.964,1,1
555,IOHMCSFRWUBIRP-UHFFFAOYSA-N,Cc1nn(-c2ccccc2)c2nc(C3CC3)cc(C(=O)Nc3ccc(F)cc3)c12,0.999,1,1
556,ZJFJERKKZKIAED-UHFFFAOYSA-N,O=c1cc(CN2CCCN(c3ccc(C(F)(F)F)cn3)CC2)nc2ccccn12,0.05,0,0
557,HZVHXXPWDLFJGF-UHFFFAOYSA-N,Cc1ccc(NS(=O)(=O)c2cccc(C(=O)Nc3nc(-c4ccccc4)cs3)c2)cc1,0.999,1,1
558,VFBWBBYSRIQVIF-UHFFFAOYSA-N,Fc1ccc(Nc2nc(-c3ccncc3)ncc2-c2ccccc2)cc1F,0.999,1,1
559,SVYKDQBBCIEHFW-UHFFFAOYSA-N,O=C(Nc1ncccc1O)c1ccc(S(=O)(=O)Nc2ccccc2)cc1,0.467,0,0
560,FIDIRSDYXDVDPV-PMERELPUSA-N,CC(C)(C)OC(=O)N[C@@H](Cc1ccc(O[S+](=O)([O-])c2cccc3cnccc23)cc1)C(=O)N1CCN(Cc2ccccc2)CC1,0.976,1,1
561,IETBPWLMNDJFRT-UHFFFAOYSA-N,CC(=O)c1c(C)[nH]c(C(=O)Nc2cccc([S+](=O)([O-])Nc3ccc(C#N)cc3)c2)c1C,0.374,0,0
562,ROBXZCGAVJTPHB-UHFFFAOYSA-N,CCOc1cccc(C(=O)Nc2nc3c(s2)CC(C(C)(C)C)CC3)c1,1,1,1
563,YBRHGNCGFMRGSV-UHFFFAOYSA-N,COc1cc(-c2ccnc3c2c(C)nn3-c2ccc(C(F)(F)F)cc2)ccc1O,0.995,0,1
564,KKJLZPZRNAERJW-UHFFFAOYSA-N,CN(C)C(=O)c1cccc(-c2csc(N3CCC(C(N)=O)CC3)n2)c1,0.004,0,0
565,IASPBORHOMBZMY-UHFFFAOYSA-N,O=C(Nc1ccccc1-c1cn2c(CN3CCNCC3)csc2n1)c1cnc2ccccc2n1,0.601,1,1
566,OPZWFHUZANUXIS-UHFFFAOYSA-N,Cc1cc2c(-c3cccc(O)c3)nc(-c3c(C)noc3C)cc2[nH]1,0.758,1,1
567,VAQKTRLQSBTELM-UHFFFAOYSA-N,O=C1CCCC2=C1C(c1ccncc1Br)N=C(Nc1nc3ccccc3o1)N2,0.897,1,1
568,QSPUOCIHKKUJRD-UHFFFAOYSA-N,Cc1ccc(NC(=O)N(Cc2cn(C)c3ccccc23)C2CCCCC2)cc1C,0.999,1,1
569,OYHWSXJIWNPHLW-UHFFFAOYSA-N,O=C(Nc1ccc(C(=O)Nc2nccs2)cc1)c1ccc2ccccc2c1,1,1,1
570,AGLCGCXQQDBYKJ-UHFFFAOYSA-N,COc1cccc(NCCC2(c3ccccc3)CC(C)(C)OC(C)(C)C2)c1,0.997,1,1
571,FDGQSTZJBFJUBT-UHFFFAOYSA-N,O=c1[nH]cnc2nc[nH]c12,0.941,1,1
572,CNTQTWBXXIOGRN-UHFFFAOYSA-N,Cc1ccc(NC(=O)c2cc(-c3ccc[nH]3)n[nH]2)cc1F,0.979,0,1
573,POQGYSOKUFVIAL-UHFFFAOYSA-N,COc1cc(NC(=O)c2nc3ccccc3n(C)c2=O)cc(OC)c1OC,0.948,1,1
574,DAPNUYQKQTWPTM-UHFFFAOYSA-N,Cc1ccc(-c2nc(NCC(=O)Nc3cccc(C(=O)O)c3)c3ccccc3n2)cc1,0.016,0,0
575,KCWGETCFOVJEPI-UHFFFAOYSA-N,COc1ccc2c(c1)CN(C(=O)CCN1CCC(Cc3ccccc3)CC1)CCS2,0.061,0,0
576,QKPPIMNVHFZLLI-UHFFFAOYSA-N,Cc1ccc(-n2c(C)cc(-c3nnc4n3CCCCC4)c2C)cc1,0,0,0
577,QAIMUUJJAJBPCL-UHFFFAOYSA-N,c1ccc(CNc2nc(NCc3ccccc3)c3ccccc3n2)cc1,0.994,1,1
578,OKOMCJGEURILOZ-UHFFFAOYSA-N,CCCCCNc1oc(-c2cccc3ccccc23)nc1C#N,1,1,1
579,DLGRZLDNIXUDGZ-UHFFFAOYSA-N,COc1ccc(NS(=O)(=O)c2ccc(C)cc2)c(C(=O)Nc2nc(-c3ccccc3)cs2)c1,0.998,1,1
580,RNQSSMCAOKONQO-UHFFFAOYSA-N,O=C(c1cccc(F)c1)N1CCC2(CCN(Cc3cc(C(F)(F)F)cc(C(F)(F)F)c3)CC2)CC1,0.664,1,1
581,XEYZYMTXVPPXJI-UHFFFAOYSA-N,Cc1ccc(S(=O)(=O)Nc2nc3ccc(C)cc3nc2Nc2ccc3c(c2)OCO3)cc1,0.998,0,1
582,RHNVLFNWDGWACV-UHFFFAOYSA-N,CC1Oc2cc3c(-c4c(O)cc(O)c5c(O)c6c(cc45)OC(C)C(C)C6=O)c(O)cc(O)c3c(O)c2C(=O)C1C,0.059,0,0
583,QNRODODTMXCRKU-UHFFFAOYSA-N,c1ccc(-c2ccc(CNc3nc(-c4ccccn4)nnc3-c3ccccc3)cc2)cc1,0.999,1,1
584,ZWVNIMWPVDVGRF-UHFFFAOYSA-N,O=C(Nc1ncc(Cc2ccc(C(F)(F)F)cc2)s1)c1cn(-c2ccccc2)cn1,0.999,1,1
585,LDDSIDAKPDZFLB-UHFFFAOYSA-N,CC(=O)c1c(C)[nH]c(C(=O)Nc2cccc([S+](=O)([O-])Nc3ccc(Br)c(F)c3)c2)c1C,0.846,1,1
586,GEEHOLRSGZPBSM-KUBAVDMBSA-N,CC/C=C\C/C=C\C/C=C\C/C=C\C/C=C\C/C=C\CCC(=O)NCCO,0.003,0,0
587,CNZRMHVYEAFJRB-UHFFFAOYSA-N,Cc1ccc(-n2ncc3c(Nc4cccc(C(=O)O)c4)ncnc32)cc1,0.013,0,0
588,DELDQGNRAOOFAU-UHFFFAOYSA-N,Cc1ccc2c(c1)[nH]c1c(N3CCN(Cc4ccccc4)CC3)ncnc12,0.932,1,1
589,DMWVGXGXHPOEPT-UHFFFAOYSA-N,COc1cc2ncnc(Nc3ccc(Oc4ccccc4)cc3)c2cc1OC,0.998,1,1
590,SVRNCBGWUMMBQB-UHFFFAOYSA-N,Oc1cccc2nc3ccccc3nc12,0.204,0,0
591,RFEUPSLTYHVPBP-KRWDZBQOSA-N,CCOC(=O)c1ccc(NC(=O)N2Cc3[nH]cnc3C[C@H]2c2nc(C(C)C)no2)cc1,0.005,0,0
592,YHXOXGGKNDLLEI-UHFFFAOYSA-N,CC(=O)c1cccc(-c2csc(N3CCC(C(N)=O)CC3)n2)c1,0.058,0,0
593,CMMGNQMDYZVXOZ-UHFFFAOYSA-N,CCc1ccc(S(=O)(=O)Nc2cnccc2C(=O)Nc2nc(-c3ccccc3)cs2)cc1,0.94,1,1
594,NRMDFUFFZPWHLO-UHFFFAOYSA-N,Cc1sc(NC(=O)Cc2ccc3c(c2)OCO3)nc1-c1ccc2c(c1)CCN2C(=O)C1CCCCC1,1,1,1
595,DRPWIJLVLAYQCS-NSHDSACASA-N,COC(=O)c1ccc2c(c1)nc1n2[C@@H](CNC(C)=O)COC1,0,0,0
596,XJGWPRFLOHXVHL-UHFFFAOYSA-N,CC1CCN(C(=O)c2ccc(-c3ccc(N4CCSCC4)nc3)cc2)CC1,0.991,1,1
597,GGBULCWSVZOWBV-UHFFFAOYSA-N,Cc1cccc(C(=O)Nc2ccc(N3CCC(N4CCCCC4)CC3)c(C(=O)O)c2)c1,0.045,0,0
598,JWPAJWSJRLXHTB-UHFFFAOYSA-N,CC1=C(C(=O)NC2CCCC2)C(c2nn(C)cc2Cl)N=C(Nc2nc3ccccc3o2)N1,0.952,1,1
599,FNOIPNCVAOHRTB-UHFFFAOYSA-N,O=C(Nc1ncc(Cc2ccc(C(F)(F)F)cc2)s1)c1cnc(-c2ccccc2)s1,0.999,1,1
600,BOIKHSCACXYBGD-UHFFFAOYSA-N,COc1ccc(N(C)C(=O)c2cc3c(s2)-c2ccccc2OC3)cc1,0.999,1,1
601,BZCQLLISCTUASM-UHFFFAOYSA-N,NC(=O)C1CCN(c2nc(-c3ccc4c(c3)OCCCO4)cs2)CC1,0.176,0,0
602,PRGBMCGFMMBVKT-UHFFFAOYSA-N,COC(=O)c1ccc(Oc2nc3c(c(=O)n(C)c(=O)n3C)n2CCC(C)C)cc1,0.989,1,1
603,LBULVQIAQUOMQZ-UHFFFAOYSA-N,O=C(Nc1nc(-c2ccccn2)cs1)c1cccc(-n2cnnn2)c1,0.799,1,1
604,LIDOPKHSVQTSJY-VMEIHUARSA-N,CCC[C@H](NC(=O)/C(C#N)=C/c1cccc(Br)n1)c1ccccc1,0.975,1,1
605,YXLLQNMKIDBOGH-NDEPHWFRSA-N,CN1C(=O)c2ccccc2[S@+]([O-])c2ccc(C(=O)NCCc3cccs3)cc21,0.535,0,1
606,MRHBASRZECIVCE-UHFFFAOYSA-N,O=S(=O)(c1ccc(Cl)cc1)c1ccccn1,0.627,0,1
607,RHGCIKKKQSNHCB-UHFFFAOYSA-N,COc1ccc(-n2c(C)c(C(C)=O)c3ccccc32)cc1,0.947,1,1
608,XACWFPJBEOBCHI-UHFFFAOYSA-N,CCOc1ccc(CCNC(=O)c2cc3ccccc3n2Cc2cccc(C)n2)cc1OCC,0.464,1,0
609,PFKOSOWYEZIJNB-UHFFFAOYSA-N,Cc1ccnc(N=C(N)N2CCN(c3cccc(C(F)(F)F)c3)CC2)c1,0.136,0,0
610,DTLKKGZPQAFAGG-UHFFFAOYSA-N,COc1cccc(NC(=S)N2CCN(c3cccc(C(F)(F)F)c3)CC2)n1,0.948,1,1
611,UFZFHLRFXMLVPN-UHFFFAOYSA-N,CCOc1ccc(CCNC(=O)c2cc3ccccc3n2Cc2cc(C)cc(C)n2)cc1OCC,0.617,1,1
612,SETQPKMYEXGQQY-UHFFFAOYSA-N,COc1ccc(C(=O)Nc2nc(-c3ccccc3)cs2)c(NS(=O)(=O)c2ccc(C)cc2)c1,0.998,1,1
613,JEZQDLNDTCQOBF-UHFFFAOYSA-N,N#Cc1cnc(NS(=O)(=O)c2ccc(NC(=O)Cc3ccc(F)c(Cl)c3)cc2)s1,0.78,0,1
614,RVSKKDOZMFVADE-UHFFFAOYSA-N,CCOc1cc2c(cc1OCC)CN(C(=O)c1cc3sccc3n1Cc1ccccc1)CC2,0.988,1,1
615,ZCTNRBONUFWVET-UHFFFAOYSA-N,CCOC(=O)c1ccnc2cc(C(OCCN3CCCCC3)c3ccccc3Cl)sc12,0.185,0,0
616,MBSANQVZRAIRML-UHFFFAOYSA-N,CC(=O)c1c(C)[nH]c(C(=O)Nc2cccc([S+](=O)([O-])Nc3ccccc3C)c2)c1C,0.615,1,1
617,RDALZZCKQFLGJP-UHFFFAOYSA-N,Cc1cc2c(C(N)=O)cccc2n1-c1nc2c(c(NCc3ccccc3)n1)COCC2,0.123,0,0
618,XBSIVIJQFPONIM-UHFFFAOYSA-N,FC(F)(F)c1cccc(N2CCN(C(=S)Nc3cc4ccccc4cn3)CC2)c1,0.998,1,1
619,AIUPQRMBXNWIOL-UHFFFAOYSA-N,CCOC(=O)c1[nH]c(C)c(CCC(=O)N2CCN(c3cc(C)ccc3C)CC2)c1C,0.909,1,1
620,JPDWKLZTGQEFDM-UHFFFAOYSA-N,O=C1CCCC2=C1C(c1ccccc1C(F)(F)F)N=C(Nc1nc3ccccc3o1)N2,0.981,1,1
621,CRYPTEXHIQVCSM-UHFFFAOYSA-N,Cc1cnc(NC(=O)c2ccc(-c3cccc([N+](=O)[O-])c3)o2)s1,0.998,1,1
622,IJSYRCPDCWFYCF-UHFFFAOYSA-N,NC(=O)C1CCN(c2ncnc(-c3ccc4c(c3)OCCCO4)n2)CC1,0.108,0,0
623,HBTHZCWYIDPOJW-UHFFFAOYSA-N,CCOC(=O)N1CCc2c(sc(NCc3ccc(N(C)C)cc3)c2C(=O)Nc2ccc(OC)cc2)C1,0.979,1,1
624,FRJHKZXKOVIIQT-UHFFFAOYSA-N,O=C(c1ccccc1)N1CCC(C(=O)N2CCC(N3Cc4ccccc4C3=O)CC2)CC1,0.041,0,0
625,MSYQTUROBYMOKW-UHFFFAOYSA-N,CCOC(=O)c1ccc(N2C(=O)c3n[nH]c(-c4cccs4)c3C2c2ccc(Cl)cc2Cl)cc1,1,1,1
626,TUVCWJQQGGETHL-UHFFFAOYSA-N,Oc1cccc(-c2nc(N3CCOCC3)c3oc4ncccc4c3n2)c1,0.713,1,1
627,VRBMNFRNSUMVDR-UHFFFAOYSA-N,CCOC(=O)c1ccc(-c2ccc3ncnc(NCCc4cnc[nH]4)c3c2)o1,0.326,0,0
628,YBNWTPSPKASYNU-UHFFFAOYSA-N,CCCNC(=O)c1ccc2c(c1)N=C(C)c1c(C)ccc(C)c1S2,0.996,1,1
629,AWPYWZMMJZGPOX-UHFFFAOYSA-N,O=C(O)c1ccnc2cc(C(OCCN3CCCCC3)c3ccccc3Cl)[nH]c12,0.009,0,0
630,AEFAIPAFJIILQH-UHFFFAOYSA-N,Cc1c(-c2nsc(NC(=O)c3cccc(Cl)c3)n2)nnn1-c1ccccc1C(F)(F)F,0.987,1,1
631,SSZZDDQENGUODL-UHFFFAOYSA-N,Cc1cc(S(=O)(=O)Nc2cnccc2C(=O)Nc2nc(-c3ccccc3)cs2)c(C)o1,0.121,0,0
632,WMPIAXAWMFVOCI-UHFFFAOYSA-N,Cc1nc(NC2CCCCC2)c2nc(-c3ccccc3)n(CCN(C)C)c2n1,0.002,0,0
633,IQYALHHXRZZIHN-UHFFFAOYSA-N,COc1cc2cc(CN3CCC(N(C)C)C3)c(-c3cccc(Cl)c3)nc2cc1OC,0.01,0,0
634,XIBHNQNSAQMDCU-UHFFFAOYSA-N,CC(=O)N1CCC2(CCCN(c3ccc(-c4ccccc4)cc3)C2)CC1,0.974,1,1
635,JFVNFXCESCXMBC-UHFFFAOYSA-N,CC(=O)Nc1nc(C)c(-c2ccc(Cl)c(S(=O)(=O)NCCO)c2)s1,0.013,0,0
636,QNISVRIGWKSUCX-UHFFFAOYSA-N,COc1cccc(NC(=O)c2cccc3c(=O)c4c([nH]c23)CCCC4)c1,0.954,1,1
637,HYWHYFCQFHMUQK-UHFFFAOYSA-N,O=[S+]([O-])(Nc1cccc2ccccc12)c1ccc(NCc2ccc(Cl)cc2O)cc1,0.997,1,1
638,FFVRRQMGGGTQRH-XBLMQXIHSA-N,CC[C@H]1CN(C)[C@H]2Cc3c([nH]c4ccccc34)C(=O)C[C@H]1[C@H]2C(=O)OC,0.063,0,0
639,PNOHHIWHMPIGRK-UHFFFAOYSA-N,Cc1cccc2nc(-c3cccnc3)c(Nc3ccc(C(C)C)cc3)n12,0.911,1,1
640,PWACDPBMPNKEMU-UHFFFAOYSA-N,CC(C)c1ccc(CC(=O)N2CCCc3ncc(C(=O)Nc4cccnc4)cc32)cc1,0.552,0,1
641,YFPKHIIRBAOIID-UHFFFAOYSA-N,Nc1cc(-c2nc(Nc3ccc(F)c(F)c3)c3ccccc3n2)ccn1,0.994,1,1
642,TXGKRVFSSHPBAJ-JKSUJKDBSA-N,NC(=O)c1cnc(N[C@@H]2CCCC[C@@H]2N)nc1Nc1cccc(-n2nccn2)c1,0.003,0,0
643,BRKAIFLXINCNLS-UHFFFAOYSA-N,COc1ccc2[nH]c(=O)c(-c3noc(-c4ccccc4)n3)cc2c1,0.994,1,1
644,HPOJQGFTNQRBGF-UHFFFAOYSA-N,CC(C)(C)c1ccc(S(=O)(=O)N2CCC(c3ccncc3)CC2)cc1,0.981,1,1
645,LMXZFMAFJREVRG-UHFFFAOYSA-N,COc1cc(-c2csc(N3CCC(C(N)=O)CC3)n2)cc(OC)c1OC,0.026,0,0
646,MAOWQPFNYFZDOI-UHFFFAOYSA-N,O=C(Nc1nc(-c2ccccc2)cs1)c1ccncc1NS(=O)(=O)c1ccccc1Cl,0.429,0,0
647,XYHIQIZXHBQQCU-UHFFFAOYSA-N,Oc1ccccc1NCC(O)Cn1ccc2ccccc21,0.964,1,1
648,PVLAYILHXSAUPN-UHFFFAOYSA-N,COc1cccc(CNCCSc2nnnn2C)c1OCc1ccc(Cl)cc1Cl,0.149,0,0
649,PITWXQDZEDZTGB-UHFFFAOYSA-N,CN(C(=O)CSc1nc2c(c(=O)[nH]1)CCCC2)c1ccccc1,0.017,0,0
650,CWFPDPXMFIFAMA-UHFFFAOYSA-N,CC1=C(C(=O)Nc2nncs2)C(c2ccccc2Br)N=C(Nc2nc3ccccc3o2)N1,0.986,1,1
651,DVBNLJGMWOZULW-UHFFFAOYSA-N,CCOc1ccccc1N1CC(c2nc3ccccc3n2CCOc2ccc(C(C)(C)C)cc2)CC1=O,0.981,1,1
652,VOTGWSCFKLOXSS-UHFFFAOYSA-N,COc1ccc(-c2nc3ccccc3s2)cc1NC(=O)c1ccc(F)cc1,1,1,1
653,HNLRUKYPTOASMA-UHFFFAOYSA-N,O=C(Nc1nc(-c2ccccc2)cs1)c1ccncc1NS(=O)(=O)c1ccccc1,0.746,0,1
654,YUDGRWUKLQAREN-UHFFFAOYSA-N,O=C1CCC(CNC(=O)c2nc(-c3ccccc3)cc3[nH]ccc23)N1,0.342,0,0
655,BUVXGEZANDRKKB-UHFFFAOYSA-N,COc1ccc(-c2noc(CSc3nnc(Cc4ccccc4)n3-c3ccc(F)cc3)n2)cc1,0.997,1,1
656,MGSPMPANLHDYKA-UHFFFAOYSA-N,Fc1ccc(Nc2nc(-c3ccncc3Cl)nc3ccccc23)cc1F,0.997,1,1
657,PSVJDVPPRAXDNW-UHFFFAOYSA-N,CN1CCN(c2ccc(Nc3nc(-c4ccncc4)nc4ccccc34)cc2F)CC1,0.771,0,1
658,BYZGPWHRVNBUES-UHFFFAOYSA-N,CSc1cc2c(s1)c1cnn(Cc3cccc(N)c3)c(=O)c1n2C,0.976,1,1
659,PFVDHCWWFPTQMQ-UHFFFAOYSA-N,Cn1c(CN2CCCC2)nc2cc(NC(=O)COc3ccc(Cl)cc3)ccc21,0.364,0,0
660,YSCSFZMKEPIPED-UHFFFAOYSA-N,CC(C)c1ccc(-n2ncc3c(=O)n(CC(=O)Nc4cc(F)ccc4Cl)cnc32)cc1,0.996,1,1
661,ZFIUPEAHLVNVCA-UHFFFAOYSA-N,CC(=O)c1c(C)[nH]c(C(=O)Nc2cccc(S(=O)(=O)N3CCCCC3)c2)c1C,0.935,1,1
662,DSVAEAUNOGNSKT-UHFFFAOYSA-N,NC(=O)C1CCN(c2ncc(-c3ccc4c(c3)OCCO4)s2)CC1,0.636,1,1
663,RUBQWRJYGNFCRT-UHFFFAOYSA-N,CC(C)NC(=O)c1nc(-c2ccc(Cl)nc2)c2cnccn12,0.073,0,0
664,YTDYLXHKJDLBHK-UHFFFAOYSA-N,O=C(C1CC(=O)N(c2n[nH]c3ccccc23)C1)N1CCC(c2noc3cc(F)ccc23)CC1,0.855,1,1
665,PHRQTMBZLVZKIE-UHFFFAOYSA-N,c1ccc(Nc2cc3c(cn2)CN(Cc2ccc4[nH]ccc4c2)CCN3)cc1,0.018,0,0
666,CQFYRGQZKIDUDO-UHFFFAOYSA-N,Cc1noc(C)c1[S+](=O)([O-])N1CCC2(CC1)CC(c1cccc(C(F)(F)F)c1)=NO2,0.969,1,1
667,OBSFXHDOLBYWRJ-UHFFFAOYSA-N,O=C(Nc1ccc(Oc2ccnc3[nH]ccc23)c(F)c1)c1cccn(-c2ccc(F)cc2)c1=O,0.996,1,1
668,ADOAFZMZLZZLAG-UHFFFAOYSA-N,O=c1[nH]c(C2CCN(CC3CCCCC3)CC2)nn1Cc1ccccc1,0.008,0,0
669,KIQQMECNKUGGKA-NMYWJIRASA-N,C#C[C@]1(OC(C)=O)CC[C@H]2[C@@H]3CCC4=C/C(=N/O)CC[C@@H]4[C@H]3CC[C@@]21CC,0.995,1,1
670,DJAWTLHBPPQMPV-RRPNLBNLSA-N,COc1ccc2cc1Oc1ccc(cc1)C[C@@H]1c3c(cc(OC)c4c3Oc3cc5c(cc3O4)CCN[C@H]5C2)CCN1C,0.057,1,0
671,JPBCQJCSYMZSOU-UHFFFAOYSA-N,Cc1ccccc1C(=O)NC1CCN(c2ccc3nnc(C4CC4)n3n2)CC1,0.097,0,0
672,AFJHXPXQKCFRJD-UHFFFAOYSA-N,CC[S+](=O)([O-])Nc1ccccc1C(=O)Nc1nc(-c2ccccc2)cs1,0.802,0,1
673,FPDFCVNGZGPUOH-UHFFFAOYSA-N,CN(C)c1cccc(-c2cnc(Nc3cccnc3)c3c2CCO3)c1,0.741,1,1
674,BXBQOOYHZYVVAV-UHFFFAOYSA-N,CCOc1ccc(CCNC(=O)c2cc3ccncc3n2Cc2cccc(C)n2)cc1OCC,0.049,0,0
675,XBPTWMZNFZHJCN-UHFFFAOYSA-N,C=CCc1cccc(CNc2ccc(S(=O)(=O)Nc3nccs3)cc2)c1O,0.869,0,1
676,DBUJRUZHAMNUJN-UHFFFAOYSA-N,CC(=O)C1CCN(c2ncc(-c3cccc(N(C)C)c3)s2)CC1,0.928,1,1
677,CLDYRJRWNFVJOY-UHFFFAOYSA-N,CNc1oc(-c2cccc3ccccc23)nc1C(=O)OC,0.998,1,1
678,SGRYPYWGNKJSDL-UHFFFAOYSA-N,CC(C)c1ccc2oc3nc(N)c(C(=O)O)cc3c(=O)c2c1,0.178,0,0
679,UXFWULKAKQLENO-UHFFFAOYSA-N,CN(C(=O)CNC(=O)c1cc(F)ccc1OCC(=O)Nc1ccc(I)cc1)c1ccc(F)cc1,0.996,1,1
680,FNYGWXSATBUBER-UHFFFAOYSA-N,Cc1ccccc1C(C(=O)NC1CCCCC1)N(C(=O)Cn1ccnc1C)c1cccc(F)c1,0.681,1,1
681,MTZVACCZKQRVAT-UHFFFAOYSA-N,CCOc1ccc(N2CC(c3nc(-c4cc(OC)c(OC)c(OC)c4)no3)CC2=O)cc1,0.838,1,1
682,WZHJKEUHNJHDLS-STDCAVTESA-N,CN1CC(CNC(=O)OCc2ccccc2)C[C@H]2c3cccc4c3c(cn4C)CC21,0.005,0,0
683,TYCBNSMMALAXAE-UHFFFAOYSA-N,O=C(Nc1nc(-c2ccccc2)cs1)c1ccncc1NS(=O)(=O)c1ccc2ccccc2c1,0.974,1,1
684,BNEGSXFLQWONTO-UHFFFAOYSA-N,CCOc1ccc(C2c3c(oc4ccc(C)cc4c3=O)C(=O)N2CCCN(C)C)cc1,0.005,0,0
685,FXBRKPQSDRLSKQ-UHFFFAOYSA-N,Cc1ccc(S(=O)(=O)Nc2cc(Br)ccc2C(=O)Nc2nc(-c3ccccc3)cs2)cc1,0.999,1,1
686,ZNZRKTDISKQXSK-UHFFFAOYSA-N,COC(=O)c1ccnc(-c2cc(C(=O)Nc3ccc(C4(N)CC4)cc3)ccn2)c1,0.031,0,0
687,KAUXRMOKLJPOOH-UHFFFAOYSA-N,COc1ccc(Nc2nnc(-c3ccc(C)c(S(=O)(=O)NCc4nc5ccccc5[nH]4)c3)c3ccccc23)cc1,0.996,1,1
688,GKCBNNYYHQNJLZ-UHFFFAOYSA-N,O=C(Nc1ccc(Cl)c(S(=O)(=O)N2CCOCC2)c1)c1ccccc1,0.974,1,1
689,BVFPYUSMZMSWNL-UHFFFAOYSA-N,CCOC(=O)C1CCN(c2ncc(-c3ccc4c(c3)OCCCO4)s2)CC1,0.987,1,1
690,DRYDVYSTKHBXDR-UHFFFAOYSA-N,Cc1cccc(-c2csc(N3CCC(C(N)=O)CC3)n2)c1,0.178,0,0
691,NAURCZBOWCRDNX-UHFFFAOYSA-N,COc1cc(NC(=O)Cn2c(=O)oc3cc(S(=O)(=O)N4CCCCCC4)ccc32)cc(OC)c1,0.983,1,1
692,SNVZCGFLARAIGC-UHFFFAOYSA-N,NC(=O)C1CCN(c2nc(-c3ccccc3F)cs2)CC1,0.195,1,0
693,VJHUYDLSNDDSJO-UHFFFAOYSA-N,COc1ccc(-c2csc(NC(=O)c3ccccc3NS(=O)(=O)c3ccc(C)cc3)n2)cc1,0.998,1,1
694,HKMSPEXJSADFOZ-UHFFFAOYSA-N,Cc1nn(CCc2nc(-c3ccc4ccccc4c3)cs2)c2[nH]c(=O)cc(C(F)(F)F)c12,0.999,1,1
695,VAZAPHZUAVEOMC-UHFFFAOYSA-N,CC(=O)Nc1ccc(C(=O)Nc2ccccc2N)cc1,0.172,0,0
696,NCZKRUFQHZWTNY-UHFFFAOYSA-N,Cc1ccc(N(C)S(=O)(=O)c2ccc(-c3cnc(C4CC4)o3)cc2)cc1,1,1,1
697,XUKGFHHTSUKORV-UHFFFAOYSA-N,O=C(Nc1nc2cc(C(F)(F)F)cc(NC3CC3)n2n1)c1cccnc1,0.673,1,1
698,LSRDYAAXEDQABD-UHFFFAOYSA-N,O=C(Cc1ccc(Cl)c(Cl)c1)Nc1ccc(S(=O)(=O)Nc2cncnc2)cc1,0.141,0,0
699,MTEHEAMBEZEEHK-UHFFFAOYSA-N,O=C(Nc1cccc(C(F)(F)F)c1)c1cc2nc(-c3ccccc3)cc(C(F)(F)F)n2n1,0.999,1,1
700,NXRNOJKUXYWBIA-LJAQVGFWSA-N,CN1C(=O)c2ccccc2[S@+]([O-])c2ccc(C(=O)NCc3ccc(Br)cc3)cc21,0.902,1,1
701,YXBALIMZKTVHFI-UHFFFAOYSA-N,CC(C)COc1ccc(-c2ccc(=O)n(CC(=O)NCCc3ccccc3)n2)cc1,0.973,1,1
702,LUNHGKWVWYXOHP-UHFFFAOYSA-N,N#Cc1ccc(NS(=O)(=O)c2ccc(NC(=O)Cc3ccc(Cl)c(Cl)c3)cc2)cc1,0.987,1,1
703,GVVQSYNBELCYAE-UHFFFAOYSA-N,COc1ccc(NC(=O)C23CC4CC(CC(C4)C2)C3)cc1[S+](=O)([O-])Nc1ccc(Br)cc1,0.999,1,1
704,XQFINGFCBFHOPE-UHFFFAOYSA-N,CCN(c1cc(C#CCN2CCOCC2)cc(C(=O)NCc2c(C)cc(C)[nH]c2=O)c1C)C1CCC(N(C)CCOC)CC1,0.002,0,0
705,PQOOIERVZAXHBP-UHFFFAOYSA-N,O=C(c1ccc(C(=O)N2CCC(N3CCCC3)CC2)c(Nc2ccccc2)c1)N1CCC(N2CCCC2)CC1,0.028,0,0
706,CNYKJXGSODVKNX-UHFFFAOYSA-N,Cc1cccc(-n2ccc(=O)c(C(=O)Nc3ccc(S(=O)(=O)Nc4nccs4)cc3)n2)c1,0.987,1,1
707,GCGODIBLJNMACP-UHFFFAOYSA-N,NC(=O)C1CCN(c2nc(-c3ccccc3Br)cs2)CC1,0.217,0,0
708,WEJPRZJLYZIEPW-UHFFFAOYSA-N,CCOc1ccc(-c2csc(N3CCC(C(N)=O)CC3)n2)cc1,0.544,0,1
709,HBTSUUWNLVMLMY-UHFFFAOYSA-N,COc1ccc(-n2nc(C3CCN([S+](=O)([O-])c4c(C)noc4C)CC3)[nH]c2=O)cc1,0.797,1,1
710,YGYZTPCAAUSYNI-UHFFFAOYSA-N,CCc1ccccc1Nc1ncnc2c1cnn2-c1ccc(Cl)cc1,0.999,1,1
711,LXXFEJUXBVSTDS-UHFFFAOYSA-N,CCCCOc1ccc(CNC(=O)c2cc3n(n2)CCCN(Cc2ccc(C)cc2)C3=O)cc1,0.999,1,1
712,HWGQMRYQVZSGDQ-HZPDHXFCSA-N,Cn1ncnc1[C@H]1c2n[nH]c(=O)c3cc(F)cc(c23)N[C@@H]1c1ccc(F)cc1,0.074,0,0
713,WIXFEWJOWOCGLY-UHFFFAOYSA-N,COc1ccc(Nc2cc(C)nc(-n3nc(C)cc3C)n2)cc1Cl,0.996,1,1
714,YWORHRDEUPSAIG-UHFFFAOYSA-N,O=C(c1ccc2c(c1)ncn2-c1ccc(C(F)(F)F)cc1)N1CCCCC1,0.545,0,1
715,FMYCZWKBVIMWHI-UHFFFAOYSA-N,O=C(Nc1ccc(S(=O)(=O)Nc2nccs2)cc1)c1cccnc1,0.582,0,1
716,BHFSPCDKYSDHPN-UHFFFAOYSA-N,CCN1CCN(C(=O)CCCn2nc(C)c3c(C)n(-c4ccc(C)cc4)nc3c2=O)CC1,0.001,0,0
717,SHUCMHDUFWMCPY-UHFFFAOYSA-N,CCCc1ccc(NC(=O)c2ccc3c(c2)NC(=O)CS3)cc1,0.999,1,1
718,HCTKOPZGXCPTJY-UHFFFAOYSA-N,Fc1ccc(Nc2nc(Nc3ccncc3)nc3ccccc23)cc1F,0.975,1,1
719,XZERWKOJCUGQQP-UHFFFAOYSA-N,O=C(Cc1ccc2ccccc2c1)Nc1ccc(S(=O)(=O)Nc2nccs2)cc1,0.995,1,1
720,GMCSQCMOIOLESJ-UHFFFAOYSA-N,COc1ccc(-c2nc3sc(CCNC(=O)C(C)(C)C)c(C)n3n2)cc1,0.068,0,0
721,GYKIQIOWVKCVBP-UHFFFAOYSA-N,Nc1nc(N)c2c(OCC3CCN(Cc4ccccc4F)CC3)cccc2n1,0.002,0,0
722,WNIDBXBLQFPAJA-VOTSOKGWSA-N,CN(Cc1ccc(/C=C/C(=O)NO)cc1)CC12CC3CC(CC(C3)C1)C2,0.192,0,0
723,LEJXUJZCTIIKRJ-UHFFFAOYSA-N,O=C1CCCC2=C1C(c1[nH]ncc1Cl)N=C(Nc1nc3c(Cl)cccc3o1)N2,0.993,1,1
724,LTPMEHSTVGLKDR-UHFFFAOYSA-N,O=C(c1ccc2c(c1)OCO2)N1CCC(Cc2nc(-c3cnccn3)no2)CC1,0.012,0,0
725,CYNJOLQNKYVWTO-UHFFFAOYSA-N,CCOc1ccc(CCNC(=O)c2cc3sccc3n2Cc2ccccc2)cc1OCC,0.982,1,1
726,KSPVUZUMQKKLLC-UHFFFAOYSA-N,O=C1CCCC2=C1C(c1[nH]ncc1Cl)N=C(Nc1nc3cc(F)ccc3o1)N2,0.968,1,1
727,DQASJNKQROFLIM-UHFFFAOYSA-N,Cc1cc(SCC(=O)c2ccccc2)n2ncc(-c3ccccc3)c2n1,0.998,1,1
728,CSMBKRZRHXRDOG-UHFFFAOYSA-N,CC1Cc2cc(S(=O)(=O)NCc3ccc(N(C)C)cc3)ccc2N1C(=O)C1CCC1,0.981,1,1
729,FNBWHWMNQCOYDE-UHFFFAOYSA-N,O=C(O)c1ccc(O)c2ncc(N3CCCN(CCc4cccc5ccccc45)CC3)cc12,0.187,0,0
730,ZCSNFVQCKVEFII-UHFFFAOYSA-N,COc1ccc(Nc2ncc(C(=O)Nc3cccc(Cl)c3)c3ccccc23)cc1,0.999,1,1
731,SSZZTLZEIPVDLH-UHFFFAOYSA-N,CC(C)Oc1ccc(CCNC(=O)c2cc3sccc3n2Cc2ccccc2)cc1OC(C)C,0.989,1,1
732,KVWWTCSJLGHLRM-UHFFFAOYSA-N,COc1ccc(Cl)cc1C(=O)NCCc1ccc(S(N)(=O)=O)cc1,0.577,1,1
733,WRFAPXCHZDSSEA-UHFFFAOYSA-N,O=C1CCCC2=C1C1(CCS(=O)(=O)C1)N=C(Nc1nc3ccccc3o1)N2,0.001,1,0
734,WZFXLQPTVQXOFD-UHFFFAOYSA-N,Cc1ccc(-c2cc(C(=O)Nc3ccc(-c4noc(=O)[nH]4)cc3)c3ccccc3n2)cc1C,0.952,1,1
735,KIPLXXGKBRAGSE-UHFFFAOYSA-N,O=C(NCCc1ccccn1)C1CC(=O)N(c2n[nH]c3cc(Br)ccc23)C1,0.322,1,0
736,OFZJZCZGXWGEOR-WCQYABFASA-N,COC[C@@H]1CN(C(=O)c2n[nH]c3ccccc23)C[C@H]1c1nc(C)no1,0.02,0,0
737,RANRSXNHVJZBGA-NDEPHWFRSA-N,CN1C(=O)c2ccccc2[S@+]([O-])c2ccc(C(=O)NCc3cccnc3)cc21,0.08,1,0
738,KBAUGDTVYSOLFS-UHFFFAOYSA-N,Cc1cnccc1-c1nc(Nc2ccc(F)c(F)c2)c2ccccc2n1,0.991,1,1
739,ZKQHDFBKGKZLLB-UHFFFAOYSA-N,O=C(c1ccc2c(c1)ncn2-c1ccccc1)N1CCCCC1,0.015,0,0
740,HLXNLMAEIDNYRY-UHFFFAOYSA-N,O=C(c1ccc2c(c1)ncn2-c1ccc(Cl)cc1)N1CCCCC1,0.113,0,0
741,QOUHSMSRZOCRBZ-UHFFFAOYSA-N,COc1ncccc1-c1cc2c(ccn2C(C)C)c(C(=O)NCc2c(C)cc(C)[nH]c2=O)n1,0.295,0,0
742,CNWKEAWGKCTKLH-UHFFFAOYSA-N,Cc1cccc(CNc2ccc(S(=O)(=O)Nc3nccs3)cc2)c1O,0.952,0,1
743,LWIJLQNVGBWKFD-UHFFFAOYSA-N,CCOc1ccccc1C(=O)Nc1ccncc1C(=O)Nc1cccc(S(=O)(=O)C(F)(F)F)c1,0.67,1,1
744,HRNYULXQWNVZNT-UHFFFAOYSA-N,Cc1ccc(-c2csc(NC(=O)c3ccccc3NS(=O)(=O)c3ccc(C)cc3)n2)cc1,0.999,1,1
745,FJQADEHMIMENRE-UHFFFAOYSA-N,COc1ccc2[nH]c(=O)c(-c3noc(-c4ccc(F)cc4)n3)cc2c1,0.995,1,1
746,YREYEVIYCVEVJK-UHFFFAOYSA-N,COCCCOc1ccnc(C[S+]([O-])c2nc3ccccc3[nH]2)c1C,0.001,0,0
747,LFMLDXFGTVWZCJ-UHFFFAOYSA-N,CCOc1ccc(CCNC(=O)c2ccnn2Cc2cccc(C)c2)cc1OCC,0.558,1,1
748,RQHIUQKMAKDNOW-UHFFFAOYSA-N,CCOC(=O)C1CCN(C(=O)Nc2ccc3c(c2)nc(C)n3C)CC1,0.001,0,0
749,KEOSHYYJTMQWFO-UHFFFAOYSA-N,O=C(NCCCCc1ccccc1)C1CCN(c2nc(-c3ccc(Br)cc3)cs2)CC1,1,1,1
750,XJPSEKVZHWXAJM-UHFFFAOYSA-N,CCOC(=O)c1ccc(N2C(=O)c3n[nH]c(-c4cccs4)c3C2c2ccc(OCC)cc2)cc1,1,1,1
751,NXDUUSWGHPOLLD-UHFFFAOYSA-N,O=C(Nc1ncc([S+](=O)([O-])N2CCOCC2)s1)c1cccc(Br)c1,0.929,1,1
752,VDJBEDQSQAIJLA-UHFFFAOYSA-N,CCCNc1oc(-c2cccc3ccccc23)nc1C#N,1,1,1
753,HJSXPQSAXNBPNO-UHFFFAOYSA-N,Fc1cc(Nc2nc(-c3ccncc3)nc3ccccc23)ccc1-c1ccc2[nH]ncc2c1,1,1,1
754,UKDZROYUHRFZMK-UHFFFAOYSA-N,Cc1cc2ccccc2n1CC(=O)NC1CCCCC1,0.984,1,1
755,DFEQGLWKEYMMGR-UHFFFAOYSA-N,O=c1[nH]c(N2CCOCC2)nc2c1CCN(Cc1ccc(Cl)cc1F)CC2,0.026,0,0
756,HJMYKLIGYWAIAU-UHFFFAOYSA-N,c1ccc(Nc2cc(-c3ccoc3)ncn2)cc1,0.624,0,1
757,YXJQELOCKPUJMZ-UHFFFAOYSA-N,CCOC(=O)c1ccc2c(c1)c(C(C)=O)c(C)n2-c1ccc(OC)cc1,0.987,1,1
758,WCILOMUUNVPIKQ-UHFFFAOYSA-N,CCOC(=O)c1ccnc(CNCC(=O)N(CC)CCN(C)C)c1,0.001,0,0
759,RJXJONPQVMRFIV-BDTNDASRSA-N,CCC(CC)c1cc([C@H]2CN3CC[C@H]2C[C@@H]3CNS(=O)(=O)c2cccs2)nc(-c2ccncc2)n1,0.045,0,0
760,KNHNNQKRLUIPAV-UHFFFAOYSA-N,COc1ccc(C(=O)NC2CCCc3c2[nH]c2ccccc32)cc1OC,0.986,1,1
761,YJAKJMGMVFSLTI-UHFFFAOYSA-N,O=C(c1nc(-c2ccc(Cl)cc2Cl)c2cnccn12)N1CCOCC1,0.695,0,1
762,KCAJXIDMCNPGHZ-UHFFFAOYSA-N,CNC(=O)c1ccc(C)c(-n2c(C)cc(OCc3ccc(F)cc3F)c(Br)c2=O)c1,0.126,0,0
763,SKQAHULCURZGBZ-UHFFFAOYSA-N,Cc1ccc2oc(NC3=NC(c4ccccc4Cl)C4=C(CCCC4=O)N3)nc2c1,0.999,1,1
764,INPMDKHSXKXLOU-UHFFFAOYSA-N,O=C(Cc1ccccc1)Nc1ccc(S(=O)(=O)Nc2nccs2)cc1,0.925,0,1
765,NUNCOHUMTCDISK-UHFFFAOYSA-N,COc1cc2c(c(OC)c1OC)-c1ccc(SC)c(=O)cc1C(N)CC2,0.01,0,0
766,FIERZDKOVHWDCV-UHFFFAOYSA-N,CN(C)c1ccccc1-c1csc(N2CCC(C(N)=O)CC2)n1,0.012,0,0
767,KOGDCWJXKPVPPR-UHFFFAOYSA-N,CCOc1ccccc1N(CC(=O)N1CCOCC1)S(=O)(=O)c1ccc(SC)cc1,0.405,0,0
768,PCAFKTMETIOXKS-UHFFFAOYSA-N,Cc1cccc(-n2c(C)cc(C=C(C#N)C#N)c2C)c1,0.884,1,1
769,WMYZMFTTWXCYPB-UHFFFAOYSA-N,COc1ccc(-c2nc3ncccc3[nH]2)cc1,0.36,0,0
770,VUTKUSOFURCRDB-UHFFFAOYSA-N,Fc1ccc(Nc2ccnc(-c3ccncc3)n2)cc1F,0.996,1,1
771,FHALMQCJZITVFD-UHFFFAOYSA-N,Cc1c(NC2=C(Cl)C(=O)N(c3ccccc3)C2=O)c(=O)n(-c2ccccc2)n1C,0.815,1,1
772,ZRNJHIZMXKFXOG-UHFFFAOYSA-N,CC(=O)c1ccc(N[S+](=O)([O-])c2cccc(NC(=O)c3[nH]c(C)c(C(C)=O)c3C)c2)cc1,0.652,0,1
773,YGBBRCWORXYFJA-UHFFFAOYSA-N,COc1ccc(-c2nc3ccccc3c(=O)n2Cc2ccco2)cc1COc1ccc(NC(C)=O)cc1,0.968,1,1
774,LXDHFJUOCGKVAV-UHFFFAOYSA-N,CN(Cc1cccs1)c1ncnc2ccc(-c3ccc4c(c3)OCO4)cc12,0.998,1,1
775,JOFBFAFKDRSJFC-UHFFFAOYSA-N,COc1cc(Cl)c(C)cc1Nc1c2c(nc3ccccc13)CCC2,0.974,1,1
776,GVWNZKYTGBSOKP-UHFFFAOYSA-N,Cc1cc(NS(=O)(=O)c2ccc(NC(=O)Cc3ccc(Cl)c(Cl)c3)cc2)n(C)n1,0.799,0,1
777,VFJKATARWTYHEP-UHFFFAOYSA-N,O=C(Nc1ccc(S(=O)(=O)Nc2nccs2)cc1)c1cccc2ccccc12,0.991,1,1
778,OTJJELSADUPOSR-UHFFFAOYSA-N,Cc1cc(-c2nnc3n2CCCCC3)c(C)n1-c1cccnc1,0,0,0
779,MYPACKVXASKRSK-UHFFFAOYSA-N,Cn1c(=O)c2c(-c3ccc(Cl)cc3)n(CCc3ccccc3)cc2n(C)c1=O,0.786,1,1
780,UDNPXDAMRUEUJW-UHFFFAOYSA-N,O=C(Nc1ccc2oc(-c3cccnc3)nc2c1)c1ccc(-c2ccccc2)o1,1,1,1
781,QVRVCQCRTWXGEP-UHFFFAOYSA-N,Cc1cc(C)c(CNC(=O)c2nc(-c3ccc(F)cc3)cc3c2ccn3C(C)C)c(=O)[nH]1,0.972,1,1
782,XUVOEKZZGXXJJI-UHFFFAOYSA-N,CCOC(=O)N1CCN(Cc2nc3cc(NC(=O)c4ccc(OC)cc4)ccc3n2C(C)C)CC1,0.362,0,0
783,WVXNSAVVKYZVOE-UHFFFAOYSA-N,CNC(=O)c1cc(Oc2ccc(NC(=O)Nc3cc(C(C)(C)C)nn3-c3ccc4ncccc4c3)c(F)c2)ccn1,0.906,1,1
784,JGXLDSUKBYSMGK-UHFFFAOYSA-N,Cc1cnc(-c2ccccc2C(C)C)nc1NCC1CN(c2cccnc2)C1,0.155,0,0
785,MQQYTCNFOOZZHW-DHUJRADRSA-N,O=C([C@H](Cc1ccc(O[S+](=O)([O-])c2cccc3cnccc23)cc1)N[S+](=O)([O-])c1cccc2cnccc12)N1CCN(Cc2ccccc2)CC1,0.975,1,1
786,FYFAYEIUTPMYFA-UHFFFAOYSA-N,Cc1sc2ncnc(Sc3nnnn3-c3ccccc3)c2c1-c1ccccc1,0.998,1,1
787,URNRAVMKIPTFBZ-UHFFFAOYSA-N,COC(=O)c1cc2occc2n1Cc1nc(-c2ccc(C)cc2)oc1C,0.993,1,1
788,ZWKJWVSEDISQIS-UHFFFAOYSA-N,Cn1c2cc([S+](C)[O-])sc2c2cnn(Cc3cccc(N)c3)c(=O)c21,0.095,0,0
789,VGXRQCOVGLGFIM-UHFFFAOYSA-N,CC(C)c1c(-c2ccccc2)nc2c(C#N)c[nH]n2c1=O,0.551,0,1
790,DMCCLJBMHCYJKH-UHFFFAOYSA-N,O=C(COC(=O)CCC(=O)c1cccs1)NCc1ccco1,0.005,0,0
791,FZLYJYHXBGWNRT-UHFFFAOYSA-N,Nc1c(-c2ccncc2)cc[nH]c1=O,0.087,0,0
792,FDZQTZFUJWJRKL-UHFFFAOYSA-N,COc1ccnc(NC(=S)N2CCN(c3cccc(C(F)(F)F)c3)CC2)c1,0.933,0,1
793,YJNUNMRCXACDTL-UHFFFAOYSA-N,Cn1cc(S(=O)(=O)N2CCOCC2)cc1C(=O)Nc1ccc(Cl)c(C(F)(F)F)c1,0.975,1,1
794,QLPHOXTXAKOFMU-WBVHZDCISA-N,CNc1nc(-c2ccc3c(N)n[nH]c3c2)cc(N2C[C@@H](C(=O)NC3CCCCC3)CC[C@H]2C)n1,0.533,0,1
795,ATVTVYLBDOOYQN-SJPCQFCGSA-N,Fc1ccc(N2CCCN(CC3[C@H]4CNC[C@@H]34)CC2)cc1,0.02,0,0
796,UHTHHESEBZOYNR-UHFFFAOYSA-N,COc1cc2c(Nc3ccc(Br)cc3F)ncnc2cc1OCC1CCN(C)CC1,0.007,0,0
797,WLGFEUQNIQLGGZ-UHFFFAOYSA-N,Cc1cc(Oc2ccc(N)cn2)ccc1Cl,0.72,0,1
798,MVLWLWRYPUPMTN-UHFFFAOYSA-N,CC(C)Oc1ccc(C(=O)Nc2ccc3c(c2)CCCN3C(=O)c2cccs2)cc1,0.996,1,1
799,RHIPYPPEFQQCLK-UHFFFAOYSA-N,CC1(C)CC2CC(C)(CN2S(=O)(=O)c2ccc(C(=O)Nc3ccc(Cl)cc3)cc2)C1,1,1,1
800,JNUIWQYWIVRGNO-UHFFFAOYSA-N,NC(=O)c1sc2nc3c(c(-c4cccs4)c2c1N)CCCC3,0.815,1,1
801,DNGPOVHELUQQNQ-UHFFFAOYSA-N,Cc1cccc(N2CCN(c3nc4ccccc4c4nnc(C)n34)CC2)c1C,0.961,1,1
802,QCUIDHJFGIYZJW-UHFFFAOYSA-N,O=C(Nc1ccc2c(N3CCCCC3)ncnc2c1)c1cc(F)cc(F)c1,0.961,1,1
803,BGANTABLOXAURB-UHFFFAOYSA-N,O=C(Nc1nnc(-c2ccco2)o1)c1ccc(Cl)cc1,0.261,0,0
804,MUEOHNRJGHYKND-UHFFFAOYSA-N,O=C1CCCC2=C1C(c1[nH]ncc1Cl)N=C(Nc1nc3c(Br)cccc3o1)N2,0.992,1,1
805,FYMKKBNHYRSFTR-UHFFFAOYSA-N,COc1ccc(NC(=O)c2[nH]c(C)c(C(C)=O)c2C)cc1[S+](=O)([O-])Nc1ccccc1C#N,0.381,0,0
806,HSNSMUNFHXDDGW-UHFFFAOYSA-N,CC1=C(C(=O)Nc2ccccc2C)C(c2ccccc2Br)N=C(Nc2nc3ccccc3o2)N1,0.999,1,1
807,SVFXPTLYMIXFRX-XJKSGUPXSA-N,CN[C@@H]1C[C@@H](c2ccc(Cl)c(Cl)c2)c2ccccc21,0.046,0,0
808,CXYDZEHJPGTFEJ-UHFFFAOYSA-N,COc1ccccc1C(=O)NC1CCCc2c1[nH]c1c(Cl)cccc21,0.998,1,1
809,XQRMSPJMTDPRIX-UHFFFAOYSA-N,Cc1ccc([S+](=O)([O-])n2cc(Cc3ccc(-c4ccccc4)cc3)c3ccccc32)cc1,1,1,1
810,UTFNVDVUCRAVJX-UHFFFAOYSA-N,COc1ccc(CN2CCNc3cc(Nc4ccccc4)ncc3C2)cc1,0.011,0,0
811,RFMHZDIDBCEGOC-UHFFFAOYSA-N,NC(=O)C1CCN(c2cc(-c3ccc4c(c3)OCCCO4)ncn2)CC1,0.007,0,0
812,DRWOUOXQWPGZBT-UHFFFAOYSA-N,c1ccc2c(Nc3ccon3)nc(-c3ccncc3)nc2c1,0.977,1,1
813,GTVMVQFZEJEDKO-UHFFFAOYSA-N,COc1ccc(OC)c(N2C(=O)C(Cl)=C(N3CCCCC3)C2=O)c1,0.241,1,0
814,SOQUQEVAQYAINF-UHFFFAOYSA-N,COc1cccc(CNc2ccc(S(=O)(=O)Nc3ncccn3)cc2)c1O,0.833,0,1
815,OWEGWHBOCFMBLP-UHFFFAOYSA-N,CC(C)(C)C(=O)C(Oc1ccc(Cl)cc1)n1ccnc1,0.663,0,1
816,INJUVNWOFHYUIN-UHFFFAOYSA-N,O=C1NC(=O)C(c2cnc3ccccn23)=C1c1cn2c3c(cccc13)CN(C(=O)N1CCOCC1)CC2,0.06,0,0
817,AFASRBDEVKBMHJ-MHZLTWQESA-N,CC(C)(C)OC(=O)N[C@@H](Cc1ccc(OS(=O)(=O)c2cccc3cnccc23)cc1)C(=O)N1CCCN(C(=O)OC(C)(C)C)CC1,0.859,1,1
818,QBCDATKPKXUQHJ-UHFFFAOYSA-N,CC1=C(C(=O)NCc2ccccc2)C(c2ccccc2Br)N=C(Nc2nc3ccccc3o2)N1,0.996,1,1
819,XIQKDUKFFKQZAO-DNRQZRRGSA-N,C[C@@H]1CN(CC(=O)N2CC(C)(C)c3ncc(Cc4ccc(F)cc4)cc32)[C@@H](CN2CCOC[C@H]2C)CN1,0.003,0,0
820,NXCXDWJNFKFGCO-UHFFFAOYSA-N,CCCOC(c1cc2nccc(C(=O)O)c2[nH]1)c1ccccc1Cl,0.004,0,0
821,HAQSQSNESVJKMM-UHFFFAOYSA-N,Cc1nnc(N2C(=O)c3oc4ccccc4c(=O)c3C2c2ccc(F)cc2)s1,0.963,1,1
822,DEXNORPUTBBNSC-UHFFFAOYSA-N,CCC(=O)NC(c1cccs1)c1cc([N+](=O)[O-])c2cccnc2c1O,0.457,0,0
823,RZCXGKSKBPHLSG-UHFFFAOYSA-N,Cc1ccc(Cl)cc1NS(=O)(=O)c1cc2c(cc1F)NC(=O)CC2,0.214,1,0
824,SLNSQTDVEFYGGW-UHFFFAOYSA-N,COc1ccc(-c2nc3ccccc3c(=O)n2Cc2ccccc2)cc1COc1ccc(NC(C)=O)cc1,0.989,1,1
825,BKQGOJCZGYSRSN-UHFFFAOYSA-N,COc1ccc(CCn2c(N)cc(=O)[nH]c2=S)cc1OC,0.062,0,0
826,AMIXSRWULKSRHT-UHFFFAOYSA-N,Cc1cccc(S(=O)(=O)c2cn(Cc3ccccc3)c3cc(N4CCCCC4C)c(F)cc3c2=O)c1,0.992,1,1
827,LNHWXBUNXOXMRL-VWLOTQADSA-N,CC[C@@]1(O)C(=O)OCc2c1cc1n(c2=O)Cc2c-1nc1ccccc1c2CCNC(C)C,0.008,1,0
828,RIDIOIPVYZIPJP-UHFFFAOYSA-N,Cc1cc(-c2nnc3n2CCCCC3)c(C)n1-c1ccncc1,0,0,0
829,SKEMFSLFPGISRF-UHFFFAOYSA-N,CCOc1cc(CCNC(=O)c2cc3sccc3n2Cc2ccccc2)cc(F)c1OCC,0.988,1,1
830,IELRUTVGEOPVPV-UHFFFAOYSA-N,COc1cccc(NC(=O)c2cc(-c3ccc(C)c(C)c3)nc3ccccc23)c1,0.998,1,1
831,KKGIUYYXEXKXSZ-UHFFFAOYSA-N,O=S(=O)(Nc1cccc2ccccc12)c1ccc(NCc2cccc(Cl)c2O)cc1,0.995,1,1
832,VUWXAQFLTSBUDB-UHFFFAOYSA-N,CCCCCCN(CCCCCC)C(=O)Cc1c(-c2ccc(F)cc2)[nH]c2ccccc12,1,1,1
833,ITLFJUXQLQJKPE-UHFFFAOYSA-N,NC(=O)COc1cccc(C2CC(=O)Nc3nc(N4CCCCC4)sc32)c1,0.059,0,0
834,RJVLFQBBRSMWHX-DHUJRADRSA-N,CN([C@@H](Cc1ccc(OS(=O)(=O)c2cccc3cnccc23)cc1)C(=O)N1CCN(c2ccccc2)CC1)S(=O)(=O)c1cccc2cnccc12,0.999,1,1
835,ULUBHJDSUHVEHQ-UHFFFAOYSA-N,C#CCNC(=O)c1nc(-c2cccnc2)c2ccccn12,0.368,0,0
836,ILZWRVXSUIGJNH-UHFFFAOYSA-N,NC(=O)C1CCN(c2ncc(-c3cccc(N4CCCCC4)c3)s2)CC1,0.364,0,0
837,CYZQJDGZFDXNFF-UHFFFAOYSA-N,Cc1ccc(S(=O)(=O)Nc2cnccc2C(=O)Nc2ccc(-c3nn[nH]n3)cc2)cc1,0.052,0,0
838,XZFYRUALJCQZQA-UHFFFAOYSA-N,COc1cccc(C(=O)Nc2cccc(OCc3cc(=O)n4cccc(C)c4n3)c2)c1,0.969,1,1
839,GPPXZTIEQLOROW-UHFFFAOYSA-N,COc1cccc(CNc2ccc(S(=O)(=O)Nc3nc(C)cs3)cc2)c1O,0.894,0,1
840,MZDKLVOWGIOKTN-UHFFFAOYSA-N,CN(c1ncccc1CNc1nc(Nc2ccc3c(c2)CC(=O)N3)ncc1C(F)(F)F)S(C)(=O)=O,0.318,0,0
841,IYRMWMYZSQPJKC-UHFFFAOYSA-N,O=c1c(O)c(-c2ccc(O)cc2)oc2cc(O)cc(O)c12,0.012,1,0
842,BMBWHXBBSZXBCF-UHFFFAOYSA-N,CCOc1ccc(CCNC(=O)c2cc3cccnc3n2Cc2cccc(C)n2)cc1OCC,0.076,0,0
843,SSKKNBLOJYQIDP-UHFFFAOYSA-N,N#Cc1ccc(-c2csc(N3CCC(C(N)=O)CC3)n2)cc1,0.567,1,1
844,WFANWQGZTMHUAD-UHFFFAOYSA-N,O=C(Nc1cccc(OC(F)(F)F)c1)c1cc(-c2ccc[nH]2)n[nH]1,0.973,0,1
845,PLGQFIQUJJLMCS-UHFFFAOYSA-N,Cc1ccc(CC(=O)Nc2nc(-c3ccc4c(c3)CCN4C(=O)c3ccccc3C)c(C)s2)cc1C,1,1,1
846,JUXOPGLOMJOSMZ-UHFFFAOYSA-N,CC(=O)c1c(C)[nH]c(C(=O)Nc2cccc([S+](=O)([O-])Nc3ccncc3)c2)c1C,0.017,0,0
847,HGEYJZMMUGWEOT-UHFFFAOYSA-N,Oc1ccc2[nH]cc(CCCCN3CC=C(c4ccccc4)CC3)c2c1,0.307,0,0
848,AXBDECUZZDILLT-UHFFFAOYSA-N,Cc1cc(-c2nnc3n2CCCCC3)c(C)n1-c1ccc(F)cc1,0,0,0
849,OHRPSQDMEYSFJT-UHFFFAOYSA-N,N#Cc1nc(-c2cccc3ccccc23)oc1NC1COC1,1,1,1
850,SKXJVNRCZUVZPL-UHFFFAOYSA-N,COc1ccc(C(=O)NC2CCN(c3cnn(CC4CC4)c(=O)c3)CC2)c(OC)n1,0.102,0,0
851,IIEFAIOSYLQBJX-UHFFFAOYSA-N,Cn1nnnc1Sc1ncnc2scc(-c3cccc(S(C)(=O)=O)c3)c12,0.269,0,0
852,PHRCDWVPTULQMT-UHFFFAOYSA-N,COc1cccc2c1CCCC2CCCN1CCN(C2CCCCC2)CC1,0.061,0,0
853,VRCGKXHJRXWIKQ-UHFFFAOYSA-N,Cc1nc(NCc2ccco2)nc2c1C(=O)CC(C)C2,0.009,0,0
854,QSKHNEFHHSQBKF-UHFFFAOYSA-N,Cc1cc(C)c(C(=O)Nc2cccc([S+](=O)([O-])N3CCCCC3)c2)[nH]1,0.927,1,1
855,JJRYOSRUJQWEBM-UHFFFAOYSA-N,NC(=O)C1CCN(c2ncc(-c3cccc(F)c3)s2)CC1,0.407,0,0
856,WSLTYZVXORBNLB-UHFFFAOYSA-N,Ic1ccccc1CNC1C2CCN(CC2)C1C(c1ccccc1)c1ccccc1,0.026,0,0
857,LCUXZMWLRKDVTH-UHFFFAOYSA-N,Cc1cccc(C)c1C(=O)Nc1cccc([S+](=O)([O-])N(C)C)c1,0.122,0,0
858,DSXXEELGXBCYNQ-UHFFFAOYSA-N,Cn1cc(C2=C(c3cn(CCCSC(=N)N)c4ccccc34)C(=O)NC2=O)c2ccccc21,0.207,0,0
859,IZKLPKKZAPPRRM-UHFFFAOYSA-N,COc1ccc(-n2nc(C3CCN(C(=O)Cc4ccc(F)cc4)CC3)[nH]c2=O)cc1,0.057,0,0
860,AHKBHGCZLAMEAO-UHFFFAOYSA-N,Nc1ccc(CNc2ccc([S+](=O)([O-])Nc3nccs3)cc2)c(O)c1,0.02,0,0
861,SYNDQCRDGGCQRZ-VXLYETTFSA-N,O=C(N/N=C/c1ccc(O)c(O)c1)c1cc2ccccc2cc1O,0.253,0,0
862,AEZVXIJUEQMWAL-UHFFFAOYSA-N,NC(=O)C1CCN(c2nc(-c3ccccc3N)cs2)CC1,0.022,0,0
863,ARYKOLLRNTUQIP-WQLSENKSSA-N,COc1cc(/C=C2\C(=O)Nc3ccccc32)ccc1O,0.344,0,0
864,JAMARIJXBDZMFK-UHFFFAOYSA-N,O=C(Nc1ccc(F)cc1F)c1cc(-c2ccc[nH]2)n[nH]1,0.706,0,1
865,XNULRSOGWPFPBL-REWPJTCUSA-N,N#Cc1ccc(N2N=C3c4ccc(C(=O)O)cc4CC[C@@H]3[C@@H]2C2CCCC2)cc1Cl,0.151,0,0
866,NFDQUZURNQRGCL-UHFFFAOYSA-N,Cc1ccc(S(=O)(=O)c2cnc(SC(C)C(=O)Nc3ccccc3)[nH]c2=O)cc1,0.019,0,0
867,JMNFIHZZWJUPBY-UHFFFAOYSA-N,CC(C)c1ccccc1-c1ncc(F)c(NC2(c3ccc(-c4cccnc4)cc3)CC2)n1,0.998,1,1
868,BAZVSMNPJJMILC-UHFFFAOYSA-N,CC(C)(C)C(O)C(Oc1ccc(Cl)cc1)n1cncn1,0.002,0,0
869,CJFZTFJJOSEVKT-UHFFFAOYSA-N,CC(=O)c1c(C)[nH]c(C(=O)Nc2cccc([S+](=O)([O-])Nc3cccc(C#N)c3)c2)c1C,0.549,0,1
870,SEKOTFCHZNXZMM-UHFFFAOYSA-N,CCOC(=O)c1cnc2ccc(-c3cncc(NS(=O)(=O)c4ccccc4)c3)cn12,0.924,1,1
871,NUEJTAQXVQDRGW-UHFFFAOYSA-N,Cc1ccc(S(=O)(=O)Nc2cnccc2C(=O)Nc2ccc(C#N)cc2)cc1,0.113,0,0
872,RTKIYFITIVXBLE-QEQCGCAPSA-N,CC(/C=C/C(=O)NO)=C\[C@@H](C)C(=O)c1ccc(N(C)C)cc1,0.02,0,0
873,WMWGWWIZMRLQRE-UHFFFAOYSA-N,COc1cc(C(=O)Nc2nc(-c3ccccc3)cs2)ccc1NS(=O)(=O)c1ccc(C)cc1,0.998,1,1
874,HZWOCVNJJLPLBT-UHFFFAOYSA-N,O=S(=O)(Nc1cnc2ccccc2c1)c1ccc(NCc2ccc(Br)cc2O)cc1,0.982,1,1
875,NOPHFMQJYXLOCG-UHFFFAOYSA-N,Oc1ccc(Nc2nc(-c3ccncc3)nc3ccccc23)cc1F,0.98,1,1
876,WVCGKGMNMOQOLF-UHFFFAOYSA-N,O=C(Nc1ncc(Cc2ccc(C(F)(F)F)cc2)s1)c1ccco1,0.996,1,1
877,NHZZYBPOHSNUKK-UHFFFAOYSA-N,Cc1cc(C)nc(NC(=S)N2CCN(c3ccc(Cl)cc3[N+](=O)[O-])CC2)c1,0.995,1,1
878,SJBZGSDJIJNAFA-UHFFFAOYSA-N,Cc1ccc(-c2cc(C(=O)NCc3ccc(S(N)(=O)=O)cc3)c3ccccc3n2)cc1C,0.974,1,1
879,TWGUWPJEYSLJIN-UHFFFAOYSA-N,Cc1ccc(-n2nc3c(N4CCCC(C(=O)NCc5ccccc5C)C4)nnc(C)c3c2C)cc1,0.977,1,1
880,FSYWLZZQTDHGOX-UHFFFAOYSA-N,CC(=O)NCCNC(=O)c1ccc(-c2ncc3cnc(-c4cccc(F)c4)cn23)cc1,0.147,0,0
881,HTZVUFKCOBCKCL-UHFFFAOYSA-N,CCOC(=O)c1ccc(N2C(=O)c3n[nH]c(-c4ccco4)c3C2c2ccc(C)cc2)cc1,0.999,1,1
882,UYNVMODNBIQBMV-UHFFFAOYSA-N,CC(C(O)c1ccc(O)cc1)N1CCC(Cc2ccccc2)CC1,0.048,0,0
883,BRHDZARXWTXWMR-UHFFFAOYSA-N,Cc1ccnc(NC(=S)N2CCN(c3ccc(Cl)c(Cl)c3)CC2)c1,0.999,1,1
884,NZZOMHODWAPPJH-OJRKSADQSA-N,CC(C)(O)/C=C\C(=O)[C@](C)(O)[C@H]1[C@H](O)C[C@]2(C)[C@@H]3CC=C4[C@@H](CC(=O)C(=O)C4(C)C)[C@]3(C)C(=O)C[C@@]12C,0.016,0,0
885,YCEKPKDAAOIPNY-UHFFFAOYSA-N,Cc1ccccc1CSc1nc2ncc(Br)cc2[nH]1,0.978,1,1
886,WCGZMGOUSSWKQU-UHFFFAOYSA-N,Cc1ccc(Nc2nc(-c3ccncc3)nc3ccccc23)cc1F,1,1,1
887,LIZUAOHATLVQEF-UHFFFAOYSA-N,CCn1c(C)c(C(C)=O)c(C)c1C(=O)Nc1cccc([S+](=O)([O-])N(C)C)c1,0.177,0,0
888,CPMDPSXJELVGJG-UHFFFAOYSA-N,COC(=O)c1ccc2c(C(=Nc3ccc(N(C)C(=O)CN4CCN(C)CC4)cc3)c3ccccc3)c(O)[nH]c2c1,0.046,1,0
889,UVCNZXLQDWHNLR-UHFFFAOYSA-N,Cc1ccc(-c2cc(C(=O)Nc3ccc(S(C)(=O)=O)cc3)c3ccccc3n2)cc1C,0.983,1,1
890,IEGHGIFTMBLHBX-UHFFFAOYSA-N,COc1cccc(-c2csc(NC(=O)c3ccncc3NS(=O)(=O)c3ccc(C)cc3)n2)c1,0.864,0,1
891,RUNXSSDQOPIDTM-UHFFFAOYSA-N,Cc1ccc(-c2csc(CCn3nc(C)c4c(C(F)(F)F)cc(=O)[nH]c43)n2)cc1,0.995,1,1
892,KIPQVXSHESCJAB-UHFFFAOYSA-N,COc1cccc(CN2CCCC(c3nc(-c4ccncc4)ncc3-c3ccccc3)C2)c1O,0.992,1,1
893,HLLDSINCGQRMCD-UHFFFAOYSA-N,O=C(NCc1ccccc1)C1CCN(c2nc(-c3ccc(Br)cc3)cs2)CC1,0.998,1,1
894,ALHIJKCPHNRYRW-UHFFFAOYSA-N,Cc1noc(C)c1C(=O)N1CCC2(CC1)CCN(C(c1ccccc1)c1ccccc1)CC2,0.118,0,0
895,KGTDRIWGWICVTM-UHFFFAOYSA-N,Cc1ccnc(NC(=S)N2CCN(c3cccc(C(F)(F)F)n3)CC2)c1,0.835,1,1
896,LRTCHZZRVSAKRF-UHFFFAOYSA-N,CC(C)(C)c1ccc(OCc2nn3c(-c4ccncc4)nnc3s2)cc1,0.942,1,1
897,QPNJPCYYDZIJJR-UHFFFAOYSA-N,COc1ccc(C2Nc3ccccc3C(=O)N2Cc2ccco2)cc1COc1ccc(NC(C)=O)cc1,0.916,1,1
898,WUCWQLIXNQKEBF-UHFFFAOYSA-N,Cc1cccc(S(=O)(=O)Nc2cnccc2C(=O)Nc2nc(-c3ccccc3)cs2)c1,0.881,0,1
899,LTVKZVGAALCRFW-UHFFFAOYSA-N,NCC(=O)Nc1cncc(-c2nn3c(=O)cc(N4CCNCC4)nc3s2)c1,0.019,0,0
900,QEMPCNUAFOSCJN-UHFFFAOYSA-N,CC(C)(C)c1ccc(C(=O)Nc2ccc3c(c2)CCCN3C(=O)c2cccs2)cc1,0.998,1,1
901,OVLIGALQKNRIDX-UHFFFAOYSA-N,CCc1ccc(C2C(C(=O)Nc3ccccc3OC)=C(C)Nc3c(C(=O)Nc4ccc(C)cc4)cnn32)cc1,0.998,1,1
902,UHTPNQZQGLLWGU-UHFFFAOYSA-N,FC(F)(F)Oc1cccc(Nc2nc(-c3ccncc3)nc3ccccc23)c1,1,1,1
903,OEKWJQXRCDYSHL-FNOIDJSQSA-N,CCCSc1nc(N[C@@H]2C[C@H]2c2ccc(F)c(F)c2)c2nnn([C@@H]3C[C@H](OCCO)[C@@H](O)[C@H]3O)c2n1,0.975,1,1
904,GJXGIFCKSAHJSL-UHFFFAOYSA-N,O=C(Nc1ccc(Cl)cc1)C(NS(=O)(=O)c1cccs1)c1ccccc1,0.903,1,1
905,YLBGGGBOSLADDG-UHFFFAOYSA-N,CC1CCC(NC(=O)c2ccc3c(c2)N(Cc2ccccc2F)C(=O)c2ccccc2S3)CC1,0.998,1,1
906,IMZSWXAOQBTCCW-UHFFFAOYSA-N,CC(C)Oc1cccc(-c2cnc(N3CCC(C(N)=O)CC3)s2)c1,0.553,1,1
907,SPCADEVIMLAILT-UHFFFAOYSA-N,NC(=O)C1CCN(c2nc(-c3ccc4c(c3)CCO4)cs2)CC1,0.286,0,0
908,QLTVVOATEHFXLT-UHFFFAOYSA-N,CCOC(=O)NNc1ccc(N(CC)CC(C)O)nn1,0.357,1,0
909,AZHYXRDVVWLZSE-UHFFFAOYSA-N,O=[N+]([O-])c1ccc(-c2nc(Nc3ccc(F)c(F)c3)c3ccccc3n2)cc1,1,1,1
910,FBVYQXBXHSPVBJ-UHFFFAOYSA-N,Cc1ccc(S(=O)(=O)Nc2cnccc2C(=O)Nc2nc(-c3ccccc3Cl)cs2)cc1,0.801,1,1
911,SAYMJTNRPRUXTO-UHFFFAOYSA-N,O=S(=O)(Nc1ccc(C2CCNCC2)cc1)c1ccc(NCc2cccc(Cl)c2O)cc1,0.665,0,1
912,RDJXPXHQENRCNG-UHFFFAOYSA-N,Nc1cc2nc3ccccc3oc-2cc1=O,0.296,0,0
913,AUVVAXYIELKVAI-CKBKHPSWSA-N,CC[C@H]1CN2CCc3cc(OC)c(OC)cc3[C@@H]2C[C@@H]1C[C@H]1NCCc2cc(OC)c(OC)cc21,0.008,0,0
914,KQJSJVUGTPRZFR-UHFFFAOYSA-N,CCCc1ccc(-c2csc(NC(=O)c3ccncc3NS(=O)(=O)c3ccc(C)cc3)n2)cc1,0.989,1,1
915,AYBCFPXLXOLPIZ-JIPXPUAJSA-N,C[C@@H](O)CNC(C)(C)CC(=O)N[C@@H]1CCc2ccccc2N(Cc2ccc(-c3ccccc3-c3nn[nH]n3)cc2)C1=O,0.007,0,0
916,GCXSDPYJCGPAOG-BBRMVZONSA-N,C[C@H]1CN(C(=O)c2nn(C)c3ccccc23)C[C@@H]1c1nc(-c2cccnc2)no1,0.05,0,0
917,LPYYHWQSSYGPFI-UHFFFAOYSA-N,N#Cc1cccc(-c2nccc(-n3ccnc3)n2)c1,0.975,1,1
918,RUOUEDNWAKIGNQ-UHFFFAOYSA-N,Cc1cc(C)c(C(=O)Nc2cccc([S+](=O)([O-])N3CCCC3)c2)[nH]1,0.804,0,1
919,JROWYACSFNALOV-UHFFFAOYSA-N,Fc1cc(Nc2nc(-c3ccncc3)nc3ccccc23)ccc1-c1cc(F)c(F)c(F)c1,1,1,1
920,KSLHMLXPQDTMJX-UHFFFAOYSA-N,COc1c2c(c3c(c1CCC(=O)O)OC(C)(C)C=C3)OC(C)(C)C=C2,0.008,0,0
921,MKAQGGDTEQLZTB-UHFFFAOYSA-N,COC(=O)c1cc(Cl)ccc1NC(=O)CSc1ncc(S(=O)(=O)c2ccc(Br)cc2)c(=O)[nH]1,0.204,0,0
922,XIJQBQZUKCLTGF-UHFFFAOYSA-N,CCOc1ccc(NC(=O)c2ccc(F)c(S(=O)(=O)N(CC)Cc3ccccc3)c2)cc1,0.995,1,1
923,IOYVSZINQXDJEV-UHFFFAOYSA-N,O=S(=O)(c1ccccc1)N1CCCCC1CCc1ccccc1,0.998,1,1
924,HBTGJXIZJJXUIZ-UHFFFAOYSA-N,CN(C)c1ccc(-c2cc[nH]c(=O)c2N)cc1,0.142,0,0
925,YVXSZIAAMMFAEN-UHFFFAOYSA-N,O=c1[nH]c(C2CCN(S(=O)(=O)c3ccc4c(c3)OCCO4)CC2)nc2c1nnn2Cc1c(F)cccc1Cl,0.926,1,1
926,VAAJHLKTNMQASZ-UHFFFAOYSA-N,N#Cc1ccc(-c2ccc(CNc3ccc(C4CCNCC4)cc3)o2)cc1,0.099,0,0
927,AAHDVOGOKUADFN-UHFFFAOYSA-N,O=C1Nc2ccccc2C12CC2c1cc(Cl)c(O)c(Cl)c1,0.926,1,1
928,LURGPSLQITYUPM-UHFFFAOYSA-N,Cc1nc2c(-c3ccccc3)cnn2c(N)c1-c1ccccc1,0.991,1,1
929,ZQDWXGKKHFNSQK-UHFFFAOYSA-N,OCCOCCN1CCN(C(c2ccccc2)c2ccc(Cl)cc2)CC1,0.001,0,0
930,GPMXUUPHFNMNDH-UHFFFAOYSA-N,O=C(CCCN1CCC(O)(c2cccc(C(F)(F)F)c2)CC1)c1ccc(F)cc1,0.575,0,1
931,UCXNALOZCNGJTE-UHFFFAOYSA-N,CC(=O)c1c(C)[nH]c(C(=O)Nc2cccc([S+](=O)([O-])Nc3ccc(Br)cc3)c2)c1C,0.886,1,1
932,HZYHMWXJOLOAAX-UHFFFAOYSA-N,COc1ccc(NC(=O)CCCc2nnc3n(CCC(C)C)c(=O)c4sccc4n23)cc1Cl,0.994,1,1
933,IKRJJQPVPCXXRO-UHFFFAOYSA-N,FC(F)(F)c1ccc(N2CCN(C(=S)Nc3ccccn3)CC2)cc1,0.962,1,1
934,JZPSWWRMKQIPRS-UHFFFAOYSA-N,Cc1ccc(S(=O)(=O)Nc2ccccc2C(=O)Nc2ccc(-c3ccccc3)nc2)cc1,0.996,1,1
935,MIEXTCFOSLOJFZ-UHFFFAOYSA-N,CCCCCCCc1c(C)nc(N2CCOCC2)[nH]c1=O,0.986,1,1
936,IOWSRTVHVZCDTG-XCVCLJGOSA-N,O=C1Nc2cc(Cl)ccc2/C1=C\c1cc(Cl)c(O)c(Cl)c1,0.972,1,1
937,FMETVQKSDIOGPX-UHFFFAOYSA-N,Nc1ncnc2c1c(-c1ccc(Oc3ccccc3)cc1)cn2C1CCCC1,0.998,1,1
938,UTSVXJQVFBLSEH-UHFFFAOYSA-N,Cc1noc(C)c1-c1ccc2ncnc(NC(C)c3ccccc3)c2c1,0.879,0,1
939,ZBOCGUVFUZETOT-UHFFFAOYSA-N,CC(=O)c1c(C)[nH]c(C(=O)Nc2ccc(C)c(S(=O)(=O)N3CCCCCC3)c2)c1C,0.981,1,1
940,ILNRQFBVVQUOLP-UHFFFAOYSA-N,O=C(O)Cn1c(C(=O)Nc2nc(-c3ccccc3Cl)cs2)cc2ccccc21,0.294,0,0
941,OFYUMHLCZMSOON-UHFFFAOYSA-N,CC1CCc2cc(F)ccc2N1C(=O)CSc1nnc2c(n1)[nH]c1ccccc12,0.999,1,1
942,SNVGXSBFCQAVMI-OAHLLOKOSA-N,Cc1ccnc(NC(=S)N2CC[C@@H](Nc3cccc(C(F)(F)F)c3)C2)c1,0.611,1,1
943,BBOCDRLDMQHWJP-HAVGOBCSSA-N,OCCNc1ncnc2c1ncn2[C@@H]1O[C@@H](CO)[C@H](O)[C@@H]1O,0,0,0
944,VSENSAGLWGRHBS-UHFFFAOYSA-N,CCN(CC)C(=O)c1coc(COc2ccc3c(c2)C(c2cccc(F)c2)N(C(=O)C(C)C)CC3)n1,0.074,1,0
945,KAAZGXDPUNNEFN-UHFFFAOYSA-N,CN1CCN(C2=Nc3ccccc3Sc3ccc(Cl)cc32)CC1,0.011,0,0
946,KOVZFTBJJKRWDL-UHFFFAOYSA-N,CCCCc1ccc(NC(=O)c2ccc3c(c2)N(S(C)(=O)=O)CC3)cc1,0.999,1,1
947,HMBUBZCFXKQJDO-UHFFFAOYSA-N,COC(=O)CNC(=O)c1nc(-c2ccc([S+](C)(=O)[O-])cc2)c2cnccn12,0.126,0,0
948,DNDOWGNQLLLXST-UHFFFAOYSA-N,COc1ccc(C)cc1NC(=O)c1cnc(-c2ccc(F)cc2)nc1-c1ccncc1,0.997,1,1
949,VIPIBKRBCOLJQG-HBMCJLEFSA-N,CCC(CC)c1cc([C@H]2CN3CC[C@H]2C[C@@H]3CNC(C)=O)nc(-c2ccncc2)n1,0.003,0,0
950,PGTOEVVTANJYML-UHFFFAOYSA-N,COc1cccc(CNc2ccc(S(=O)(=O)Nc3cccnc3)cc2)c1O,0.113,1,0
951,KYFKCBTWOUGFOX-UHFFFAOYSA-N,CC(C)(C)n1cnc2cc(C(=O)N3CCCCC3)ccc21,0.005,0,0
952,GIBKRKRYWMZCTD-UHFFFAOYSA-N,COc1ccccc1-n1cnc2cc(C(=O)N3CCCCC3)ccc21,0.007,0,0
953,SFRHGBFHFJDRAT-UHFFFAOYSA-N,Cn1c(=O)cc(C(=O)NC2CCCc3c2[nH]c2c(Cl)cccc32)c2ccccc21,0.98,1,1
954,NVHBGNJYOYEODQ-UHFFFAOYSA-N,NC(=O)C1CCN(c2nc(-c3ccc(C(F)(F)F)cc3)cs2)CC1,0.917,1,1
955,IJVQZMNHPRBSEM-UHFFFAOYSA-N,COc1ccc(NC(=O)c2[nH]c(C)c(C(C)=O)c2C)cc1[S+](=O)([O-])Nc1ccc(C#N)cc1,0.45,1,0
956,OUHRYKNTYGIWJO-UHFFFAOYSA-N,Cc1cccc(-n2cnc3cc(C(=O)N4CCCCCC4)ccc32)c1,0.035,0,0
957,MPMRJOUOYIWLEK-UHFFFAOYSA-N,O=C(COc1ccccc1)NCC(c1cccs1)S(=O)(=O)c1ccc(Cl)cc1,0.928,1,1
958,ZATJMMZPGVDUOM-UHFFFAOYSA-N,Nc1c(C(=O)Nc2ccc(F)cc2)sc2nc(-c3cccs3)cc(C(F)(F)F)c12,0.998,1,1
959,MQRSVAUETXDOIU-UHFFFAOYSA-N,O=C1CCCC2=C1C(c1[nH]ncc1Cl)N=C(Nc1nc3cc([S+](=O)([O-])N4CCCC4)ccc3o1)N2,0.96,0,1
960,IWBQFFIAPJFSOG-UHFFFAOYSA-N,Cc1ccc(S(=O)(=O)Nc2cc(F)c(F)cc2C(=O)Nc2nc(-c3ccccc3)cs2)cc1,0.997,1,1
961,SLLUTHHLDJDASL-UHFFFAOYSA-N,Cn1cc(Br)c(C2N=C(Nc3nc4ccccc4o3)NC3=C2C(=O)CCC3)n1,0.307,0,0
962,PIWSNXUGFPPTEE-UHFFFAOYSA-N,CN(C)c1cccc(-c2ncnc(N3CCC(C(N)=O)CC3)n2)c1,0.008,0,0
963,NROHNKMSWWFSHV-UHFFFAOYSA-N,CC(=O)c1ccc(N2CCN(c3ccc(NC(=O)c4ccc(F)cc4)cc3C(=O)O)CC2)cc1,0.596,1,1
964,RRHICCAMORKQAC-UHFFFAOYSA-N,COc1cccc(CNc2ccc(S(=O)(=O)Nc3ccccc3)cc2)c1O,0.979,1,1
965,BDXXSFOJPYSYOC-UHFFFAOYSA-N,Cc1nc2ccc(C(=O)N3CCC4(CC3)CC(=O)c3c(cnn3C(C)C)C4)cc2[nH]1,0.005,0,0
966,WBSJBKQUCWBFIH-UHFFFAOYSA-N,CCN(CC)S(=O)(=O)c1ccc2oc(C(=O)Nc3ccc(Br)cc3F)c(C)c2c1,0.998,1,1
967,HZVKEDLOKCQRAW-UHFFFAOYSA-N,COc1ccc(NC(=O)c2ccc[nH]2)cc1[S+](=O)([O-])Nc1ccc(Br)cc1,0.956,1,1
968,VLDQXBADIHYEAG-UHFFFAOYSA-N,COc1cc(NS(=O)(=O)c2ccc(C)cc2)c(C(=O)Nc2nc(-c3ccccc3)cs2)cc1OC,0.997,1,1
969,VGIBEFQNLZOXII-UHFFFAOYSA-N,COc1ccc2nc(C)cc(Nc3ccc(Cl)c(Cl)c3)c2c1,0.998,1,1
970,QBSIRXQWVQVDCN-UHFFFAOYSA-N,COc1ccc(CCNc2ncnc3c2c(-c2ccccc2)cn3-c2cccc(Cl)c2)cc1OC,0.996,1,1
971,LAYVXOUYQAARQE-LSDHHAIUSA-N,O=c1c(-c2cccs2)ccc2n1C[C@H]1C[C@@H]2CN(C2CCOCC2)C1,0.018,0,0
972,LHCRUHINUUSVOM-UHFFFAOYSA-N,COc1cccc(CNc2ccc(S(=O)(=O)Nc3cccc(-c4ccccc4)c3)cc2)c1O,0.999,1,1
973,SQCFMWBHAPMQSM-UHFFFAOYSA-N,Cc1ccc(C)c(NC2=C(c3ccc(C(F)(F)F)cc3)C(=O)c3ccccc32)c1,0.992,1,1
974,FYGANZNGKJHQAF-UHFFFAOYSA-N,COc1ccccc1NS(=O)(=O)c1cccc(NC(=O)c2[nH]c(C)c(C(C)=O)c2C)c1,0.607,0,1
975,BGQYERLECBQCIN-UHFFFAOYSA-N,Cc1ccc(S(=O)(=O)Nc2cnccc2C(=O)NCc2ccccc2)cc1,0.108,0,0
976,QKZGMYABIVLSMF-UHFFFAOYSA-N,NS(=O)(=O)c1ccc(NC(=O)c2cc3ncccn3n2)cc1,0.702,1,1
977,MXJWRABVEGLYDG-UHFFFAOYSA-N,CCCCOc1ccc(CC(=O)NO)cc1,0.135,0,0
978,QMGUOJYZJKLOLH-UHFFFAOYSA-N,CN(C)CCCn1cc(C2=C(c3c[nH]c4ccccc34)C(=O)NC2=O)c2ccccc21,0.088,0,0
979,NNCSVKUBTTZSMU-UHFFFAOYSA-N,COc1ccc2[nH]c(=O)c(-c3noc(-c4cccs4)n3)cc2c1,0.979,1,1
980,ACTAZIKTWWVGKN-UHFFFAOYSA-N,Cc1ccc(S(=O)(=O)Nc2cnccc2C(=O)NCCc2ccccc2)cc1,0.127,0,0
981,YBOICQPIEWXKJU-UHFFFAOYSA-N,O=C(Nc1ccc(S(=O)(=O)Nc2nccs2)cc1)c1ccnc2ccccc12,0.671,1,1
982,QGTASYZOEAUSKE-UHFFFAOYSA-N,CCCCC1CCC(C(=O)Nc2ccc(S(=O)(=O)Nc3nccs3)cc2)CC1,0.996,1,1
983,FVNPTURFPVTWHY-MRXNPFEDSA-N,CN(C)[C@@H]1CCN(c2cccc(Nc3nn4c(=O)c5ccccc5nc4s3)c2)C1,0.019,0,0
984,OOOUHZHQDFCCON-UHFFFAOYSA-N,Cc1ccc(S(=O)(=O)Nc2cnccc2C(=O)Nc2nc(-c3ccccc3F)cs2)cc1,0.756,1,1
985,MAAJKHWOVKXTPF-UHFFFAOYSA-N,CCN(CC)S(=O)(=O)c1ccc(N2CCCC2)c(NS(=O)(=O)c2ccccc2)c1,0.858,1,1
986,BKCDJTRMYWSXMC-UHFFFAOYSA-N,COc1cc2c(cc1OCCCN1CCCC1)N=C(N)C21CCC1,0,0,0
987,FKWGCSDDHPFETI-UHFFFAOYSA-N,COc1ccc2oc(NC3=NC(c4[nH]ncc4Cl)C4=C(CCCC4=O)N3)nc2c1,0.971,0,1
988,UREJDUPKGMFJRU-UHFFFAOYSA-N,S=C(NCCCc1cnc[nH]1)NCCCN(Cc1ccc(Cl)c(Cl)c1)c1ccc(Br)cn1,0.981,1,1
989,DSGOLESVOJUGOK-UHFFFAOYSA-N,O=C(O)c1ccnc(-c2cc(C(=O)NCCc3ccccc3)ccn2)c1,0.006,0,0
990,QVHZMVMCGBRRAM-UHFFFAOYSA-N,NC(=O)C1CCN(c2nc(-c3ccccc3[N+](=O)[O-])cs2)CC1,0.302,0,0
991,IIJDFXNUWZTHIM-NRFANRHFSA-N,Cc1c(C)n(Cc2ccc(-c3ccccc3C(=O)O)cc2)c2ccc(C(=O)N[C@@H](C)c3ccc([N+](=O)[O-])cc3)cc12,0.125,0,0
992,AILRADAXUVEEIR-UHFFFAOYSA-N,COc1cc(N2CCC(N3CCN(C)CC3)CC2)ccc1Nc1ncc(Cl)c(Nc2ccccc2P(C)(C)=O)n1,0.003,0,0
993,ALFSCIYNLXPJRO-UHFFFAOYSA-N,CN1Cc2c(cc(N3CCOCC3)nc2-c2ccccc2OC(F)(F)F)C1=O,0.141,0,0
994,CZUKXZMKSAHXQS-UHFFFAOYSA-N,COc1ccc(OC)c(-c2nnc3n2N=C(c2c(OC)cccc2OC)CS3)c1,0.986,1,1
995,JZRXMESSAQXLTF-UHFFFAOYSA-N,Cc1nn(CCc2nc(-c3ccccc3F)cs2)c2[nH]c(=O)cc(C(F)(F)F)c12,0.972,1,1
996,FPNSILJSOUWBKT-UHFFFAOYSA-N,Oc1ccc(-c2nc(C3CC3)nc3c2CCN(CC2CCCCC2)CC3)cc1,0.304,0,0
997,DTDPAXHZDSFXSR-UHFFFAOYSA-N,CCc1ccc(NC(=O)c2[nH]c(C)c(C(C)=O)c2C)cc1[S+](=O)([O-])N1CCCCCC1,0.928,1,1
998,BPVFEOBAXMBJQD-UHFFFAOYSA-N,Cc1cc(C)nc(NC(=S)N2CCN(c3ccc(C(F)(F)F)cc3Cl)CC2)c1,0.997,1,1
999,BVXBTJQFTZYBMU-UHFFFAOYSA-N,Cc1ccc2nc(NC3=NC(c4[nH]ncc4Cl)C4=C(CCCC4=O)N3)oc2c1,0.985,1,1
